競馬場,RPT,分類ラベル,ゾーンラベル,出走数,勝ち数,連対数,複勝数,勝率,連対率,複勝率
船橋,1,C人気,C1（本命）,21.0,3.0,4,6,14.3,19.0,28.6
船橋,1,C人気,C2-4（中位人気）,61.0,7.0,16,24,11.5,26.2,39.3
船橋,1,C人気,C5+（穴人気）,161.0,10.0,21,32,6.2,13.0,19.9
船橋,2,C人気,C1（本命）,47.0,9.0,15,21,19.1,31.9,44.7
船橋,2,C人気,C2-4（中位人気）,140.0,25.0,38,59,17.9,27.1,42.1
船橋,2,C人気,C5+（穴人気）,335.0,13.0,42,61,3.9,12.5,18.2
船橋,3,C人気,C1（本命）,30.0,15.0,19,22,50.0,63.3,73.3
船橋,3,C人気,C2-4（中位人気）,90.0,12.0,24,34,13.3,26.7,37.8
船橋,3,C人気,C5+（穴人気）,221.0,4.0,18,35,1.8,8.1,15.8
船橋,4,C人気,C1（本命）,42.0,10.0,17,23,23.8,40.5,54.8
船橋,4,C人気,C2-4（中位人気）,124.0,20.0,35,47,16.1,28.2,37.9
船橋,4,C人気,C5+（穴人気）,272.0,12.0,32,56,4.4,11.8,20.6
船橋,5,C人気,C1（本命）,46.0,10.0,19,20,21.7,41.3,43.5
船橋,5,C人気,C2-4（中位人気）,137.0,29.0,43,67,21.2,31.4,48.9
船橋,5,C人気,C5+（穴人気）,330.0,8.0,30,52,2.4,9.1,15.8
船橋,6,C人気,C1（本命）,69.0,22.0,37,41,31.9,53.6,59.4
船橋,6,C人気,C2-4（中位人気）,212.0,29.0,59,87,13.7,27.8,41.0
船橋,6,C人気,C5+（穴人気）,525.0,20.0,47,85,3.8,9.0,16.2
船橋,7,C人気,C1（本命）,50.0,19.0,32,35,38.0,64.0,70.0
船橋,7,C人気,C2-4（中位人気）,151.0,27.0,47,72,17.9,31.1,47.7
船橋,7,C人気,C5+（穴人気）,342.0,6.0,26,48,1.8,7.6,14.0
船橋,8,C人気,C1（本命）,79.0,26.0,44,51,32.9,55.7,64.6
船橋,8,C人気,C2-4（中位人気）,235.0,36.0,75,114,15.3,31.9,48.5
船橋,8,C人気,C5+（穴人気）,534.0,17.0,38,70,3.2,7.1,13.1
船橋,9,C人気,C1（本命）,60.0,23.0,38,48,38.3,63.3,80.0
船橋,9,C人気,C2-4（中位人気）,185.0,29.0,54,78,15.7,29.2,42.2
船橋,9,C人気,C5+（穴人気）,416.0,10.0,31,58,2.4,7.5,13.9
船橋,10,C人気,C1（本命）,64.0,21.0,35,45,32.8,54.7,70.3
船橋,10,C人気,C2-4（中位人気）,190.0,27.0,52,88,14.2,27.4,46.3
船橋,10,C人気,C5+（穴人気）,434.0,16.0,42,61,3.7,9.7,14.1
船橋,11,C人気,C1（本命）,36.0,23.0,31,34,63.9,86.1,94.4
船橋,11,C人気,C2-4（中位人気）,107.0,11.0,31,52,10.3,29.0,48.6
船橋,11,C人気,C5+（穴人気）,214.0,2.0,10,22,0.9,4.7,10.3
船橋,12,C人気,C1（本命）,50.0,25.0,39,44,50.0,78.0,88.0
船橋,12,C人気,C2-4（中位人気）,146.0,19.0,45,71,13.0,30.8,48.6
船橋,12,C人気,C5+（穴人気）,328.0,6.0,17,36,1.8,5.2,11.0
船橋,13,C人気,C1（本命）,46.0,16.0,29,36,34.8,63.0,78.3
船橋,13,C人気,C2-4（中位人気）,134.0,24.0,50,75,17.9,37.3,56.0
船橋,13,C人気,C5+（穴人気）,303.0,6.0,13,27,2.0,4.3,8.9
船橋,1,BB順位,BB1（最上位）,20.0,4.0,5,7,20.0,25.0,35.0
船橋,1,BB順位,BB2-4（中位）,57.0,4.0,10,17,7.0,17.5,29.8
船橋,1,BB順位,BB5+（下位）,166.0,12.0,26,38,7.2,15.7,22.9
船橋,2,BB順位,BB1（最上位）,45.0,9.0,13,18,20.0,28.9,40.0
船橋,2,BB順位,BB2-4（中位）,124.0,18.0,35,54,14.5,28.2,43.5
船橋,2,BB順位,BB5+（下位）,353.0,20.0,47,69,5.7,13.3,19.5
船橋,3,BB順位,BB1（最上位）,30.0,15.0,19,22,50.0,63.3,73.3
船橋,3,BB順位,BB2-4（中位）,91.0,11.0,25,33,12.1,27.5,36.3
船橋,3,BB順位,BB5+（下位）,220.0,5.0,17,36,2.3,7.7,16.4
船橋,4,BB順位,BB1（最上位）,41.0,11.0,18,25,26.8,43.9,61.0
船橋,4,BB順位,BB2-4（中位）,124.0,19.0,33,43,15.3,26.6,34.7
船橋,4,BB順位,BB5+（下位）,273.0,12.0,33,58,4.4,12.1,21.2
船橋,5,BB順位,BB1（最上位）,48.0,7.0,15,20,14.6,31.2,41.7
船橋,5,BB順位,BB2-4（中位）,128.0,25.0,42,57,19.5,32.8,44.5
船橋,5,BB順位,BB5+（下位）,336.0,15.0,35,62,4.5,10.4,18.5
船橋,6,BB順位,BB1（最上位）,70.0,25.0,38,44,35.7,54.3,62.9
船橋,6,BB順位,BB2-4（中位）,205.0,23.0,51,78,11.2,24.9,38.0
船橋,6,BB順位,BB5+（下位）,531.0,23.0,54,91,4.3,10.2,17.1
船橋,7,BB順位,BB1（最上位）,52.0,22.0,30,35,42.3,57.7,67.3
船橋,7,BB順位,BB2-4（中位）,145.0,24.0,49,71,16.6,33.8,49.0
船橋,7,BB順位,BB5+（下位）,346.0,6.0,26,49,1.7,7.5,14.2
船橋,8,BB順位,BB1（最上位）,79.0,24.0,44,52,30.4,55.7,65.8
船橋,8,BB順位,BB2-4（中位）,230.0,29.0,62,97,12.6,27.0,42.2
船橋,8,BB順位,BB5+（下位）,539.0,26.0,51,86,4.8,9.5,16.0
船橋,9,BB順位,BB1（最上位）,61.0,24.0,39,48,39.3,63.9,78.7
船橋,9,BB順位,BB2-4（中位）,183.0,25.0,50,76,13.7,27.3,41.5
船橋,9,BB順位,BB5+（下位）,416.0,13.0,34,60,3.1,8.2,14.4
船橋,10,BB順位,BB1（最上位）,63.0,15.0,28,39,23.8,44.4,61.9
船橋,10,BB順位,BB2-4（中位）,177.0,33.0,62,92,18.6,35.0,52.0
船橋,10,BB順位,BB5+（下位）,447.0,16.0,39,63,3.6,8.7,14.1
船橋,11,BB順位,BB1（最上位）,36.0,23.0,31,34,63.9,86.1,94.4
船橋,11,BB順位,BB2-4（中位）,100.0,10.0,27,45,10.0,27.0,45.0
船橋,11,BB順位,BB5+（下位）,221.0,3.0,14,29,1.4,6.3,13.1
船橋,12,BB順位,BB1（最上位）,50.0,25.0,39,43,50.0,78.0,86.0
船橋,12,BB順位,BB2-4（中位）,152.0,19.0,39,67,12.5,25.7,44.1
船橋,12,BB順位,BB5+（下位）,322.0,6.0,23,41,1.9,7.1,12.7
船橋,13,BB順位,BB1（最上位）,46.0,14.0,29,37,30.4,63.0,80.4
船橋,13,BB順位,BB2-4（中位）,132.0,23.0,43,67,17.4,32.6,50.8
船橋,13,BB順位,BB5+（下位）,305.0,9.0,20,34,3.0,6.6,11.1
船橋,1,単勝オッズ帯,O1（1.0〜2.9倍）,6.0,2.0,4,4,33.3,66.7,66.7
船橋,1,単勝オッズ帯,O2（3.0〜6.9倍）,44.0,10.0,13,21,22.7,29.5,47.7
船橋,1,単勝オッズ帯,O3（7.0〜14.9倍）,34.0,0.0,4,6,0.0,11.8,17.6
船橋,1,単勝オッズ帯,O4（15.0〜29.9倍）,24.0,2.0,5,8,8.3,20.8,33.3
船橋,1,単勝オッズ帯,O5（30.0倍以上）,48.0,0.0,2,3,0.0,4.2,6.2
船橋,2,単勝オッズ帯,O1（1.0〜2.9倍）,26.0,7.0,13,19,26.9,50.0,73.1
船橋,2,単勝オッズ帯,O2（3.0〜6.9倍）,195.0,34.0,64,89,17.4,32.8,45.6
船橋,2,単勝オッズ帯,O3（7.0〜14.9倍）,123.0,9.0,22,36,7.3,17.9,29.3
船橋,2,単勝オッズ帯,O4（15.0〜29.9倍）,105.0,6.0,12,19,5.7,11.4,18.1
船橋,2,単勝オッズ帯,O5（30.0倍以上）,233.0,3.0,7,14,1.3,3.0,6.0
船橋,3,単勝オッズ帯,O1（1.0〜2.9倍）,39.0,18.0,22,26,46.2,56.4,66.7
船橋,3,単勝オッズ帯,O2（3.0〜6.9倍）,97.0,13.0,32,44,13.4,33.0,45.4
船橋,3,単勝オッズ帯,O3（7.0〜14.9倍）,94.0,8.0,15,30,8.5,16.0,31.9
船橋,3,単勝オッズ帯,O4（15.0〜29.9倍）,100.0,7.0,19,27,7.0,19.0,27.0
船橋,3,単勝オッズ帯,O5（30.0倍以上）,182.0,1.0,6,14,0.5,3.3,7.7
船橋,4,単勝オッズ帯,O1（1.0〜2.9倍）,27.0,9.0,16,18,33.3,59.3,66.7
船橋,4,単勝オッズ帯,O2（3.0〜6.9倍）,132.0,29.0,47,63,22.0,35.6,47.7
船橋,4,単勝オッズ帯,O3（7.0〜14.9倍）,91.0,4.0,12,20,4.4,13.2,22.0
船橋,4,単勝オッズ帯,O4（15.0〜29.9倍）,68.0,1.0,8,14,1.5,11.8,20.6
船橋,4,単勝オッズ帯,O5（30.0倍以上）,169.0,2.0,7,21,1.2,4.1,12.4
船橋,5,単勝オッズ帯,O1（1.0〜2.9倍）,46.0,17.0,23,32,37.0,50.0,69.6
船橋,5,単勝オッズ帯,O2（3.0〜6.9倍）,103.0,15.0,31,50,14.6,30.1,48.5
船橋,5,単勝オッズ帯,O3（7.0〜14.9倍）,94.0,11.0,29,41,11.7,30.9,43.6
船橋,5,単勝オッズ帯,O4（15.0〜29.9倍）,45.0,0.0,3,3,0.0,6.7,6.7
船橋,5,単勝オッズ帯,O5（30.0倍以上）,180.0,2.0,3,8,1.1,1.7,4.4
船橋,6,単勝オッズ帯,O1（1.0〜2.9倍）,70.0,27.0,43,52,38.6,61.4,74.3
船橋,6,単勝オッズ帯,O2（3.0〜6.9倍）,117.0,24.0,43,62,20.5,36.8,53.0
船橋,6,単勝オッズ帯,O3（7.0〜14.9倍）,158.0,11.0,37,51,7.0,23.4,32.3
船橋,6,単勝オッズ帯,O4（15.0〜29.9倍）,121.0,5.0,9,22,4.1,7.4,18.2
船橋,6,単勝オッズ帯,O5（30.0倍以上）,308.0,5.0,12,29,1.6,3.9,9.4
船橋,7,単勝オッズ帯,O1（1.0〜2.9倍）,44.0,13.0,26,32,29.5,59.1,72.7
船橋,7,単勝オッズ帯,O2（3.0〜6.9倍）,96.0,22.0,39,56,22.9,40.6,58.3
船橋,7,単勝オッズ帯,O3（7.0〜14.9倍）,76.0,4.0,12,23,5.3,15.8,30.3
船橋,7,単勝オッズ帯,O4（15.0〜29.9倍）,53.0,1.0,5,13,1.9,9.4,24.5
船橋,7,単勝オッズ帯,O5（30.0倍以上）,177.0,4.0,6,7,2.3,3.4,4.0
船橋,8,単勝オッズ帯,O1（1.0〜2.9倍）,108.0,56.0,78,87,51.9,72.2,80.6
船橋,8,単勝オッズ帯,O2（3.0〜6.9倍）,147.0,25.0,50,80,17.0,34.0,54.4
船橋,8,単勝オッズ帯,O3（7.0〜14.9倍）,174.0,10.0,39,61,5.7,22.4,35.1
船橋,8,単勝オッズ帯,O4（15.0〜29.9倍）,153.0,5.0,14,30,3.3,9.2,19.6
船橋,8,単勝オッズ帯,O5（30.0倍以上）,431.0,3.0,17,40,0.7,3.9,9.3
船橋,9,単勝オッズ帯,O1（1.0〜2.9倍）,58.0,25.0,43,48,43.1,74.1,82.8
船橋,9,単勝オッズ帯,O2（3.0〜6.9倍）,116.0,22.0,40,52,19.0,34.5,44.8
船橋,9,単勝オッズ帯,O3（7.0〜14.9倍）,110.0,5.0,17,32,4.5,15.5,29.1
船橋,9,単勝オッズ帯,O4（15.0〜29.9倍）,85.0,3.0,11,22,3.5,12.9,25.9
船橋,9,単勝オッズ帯,O5（30.0倍以上）,279.0,4.0,7,23,1.4,2.5,8.2
船橋,10,単勝オッズ帯,O1（1.0〜2.9倍）,101.0,43.0,69,82,42.6,68.3,81.2
船橋,10,単勝オッズ帯,O2（3.0〜6.9倍）,145.0,27.0,53,75,18.6,36.6,51.7
船橋,10,単勝オッズ帯,O3（7.0〜14.9倍）,120.0,5.0,16,34,4.2,13.3,28.3
船橋,10,単勝オッズ帯,O4（15.0〜29.9倍）,113.0,6.0,13,28,5.3,11.5,24.8
船橋,10,単勝オッズ帯,O5（30.0倍以上）,311.0,1.0,13,26,0.3,4.2,8.4
船橋,11,単勝オッズ帯,O1（1.0〜2.9倍）,42.0,28.0,37,40,66.7,88.1,95.2
船橋,11,単勝オッズ帯,O2（3.0〜6.9倍）,46.0,8.0,18,25,17.4,39.1,54.3
船橋,11,単勝オッズ帯,O3（7.0〜14.9倍）,61.0,0.0,12,21,0.0,19.7,34.4
船橋,11,単勝オッズ帯,O4（15.0〜29.9倍）,53.0,2.0,4,11,3.8,7.5,20.8
船橋,11,単勝オッズ帯,O5（30.0倍以上）,187.0,1.0,7,20,0.5,3.7,10.7
船橋,12,単勝オッズ帯,O1（1.0〜2.9倍）,92.0,39.0,61,72,42.4,66.3,78.3
船橋,12,単勝オッズ帯,O2（3.0〜6.9倍）,69.0,16.0,34,41,23.2,49.3,59.4
船橋,12,単勝オッズ帯,O3（7.0〜14.9倍）,92.0,3.0,14,36,3.3,15.2,39.1
船橋,12,単勝オッズ帯,O4（15.0〜29.9倍）,98.0,4.0,12,23,4.1,12.2,23.5
船橋,12,単勝オッズ帯,O5（30.0倍以上）,275.0,3.0,9,22,1.1,3.3,8.0
船橋,13,単勝オッズ帯,O1（1.0〜2.9倍）,90.0,36.0,59,71,40.0,65.6,78.9
船橋,13,単勝オッズ帯,O2（3.0〜6.9倍）,77.0,13.0,29,43,16.9,37.7,55.8
船橋,13,単勝オッズ帯,O3（7.0〜14.9倍）,58.0,5.0,14,28,8.6,24.1,48.3
船橋,13,単勝オッズ帯,O4（15.0〜29.9倍）,81.0,4.0,10,21,4.9,12.3,25.9
船橋,13,単勝オッズ帯,O5（30.0倍以上）,283.0,3.0,10,20,1.1,3.5,7.1
浦和,1,C人気,C1（本命）,21.0,3.0,4,6,14.3,19.0,28.6
浦和,1,C人気,C2-4（中位人気）,61.0,7.0,16,24,11.5,26.2,39.3
浦和,1,C人気,C5+（穴人気）,161.0,10.0,21,32,6.2,13.0,19.9
浦和,2,C人気,C1（本命）,47.0,9.0,15,21,19.1,31.9,44.7
浦和,2,C人気,C2-4（中位人気）,140.0,25.0,38,59,17.9,27.1,42.1
浦和,2,C人気,C5+（穴人気）,335.0,13.0,42,61,3.9,12.5,18.2
浦和,3,C人気,C1（本命）,30.0,15.0,19,22,50.0,63.3,73.3
浦和,3,C人気,C2-4（中位人気）,90.0,12.0,24,34,13.3,26.7,37.8
浦和,3,C人気,C5+（穴人気）,221.0,4.0,18,35,1.8,8.1,15.8
浦和,4,C人気,C1（本命）,42.0,10.0,17,23,23.8,40.5,54.8
浦和,4,C人気,C2-4（中位人気）,124.0,20.0,35,47,16.1,28.2,37.9
浦和,4,C人気,C5+（穴人気）,272.0,12.0,32,56,4.4,11.8,20.6
浦和,5,C人気,C1（本命）,46.0,10.0,19,20,21.7,41.3,43.5
浦和,5,C人気,C2-4（中位人気）,137.0,29.0,43,67,21.2,31.4,48.9
浦和,5,C人気,C5+（穴人気）,330.0,8.0,30,52,2.4,9.1,15.8
浦和,6,C人気,C1（本命）,69.0,22.0,37,41,31.9,53.6,59.4
浦和,6,C人気,C2-4（中位人気）,212.0,29.0,59,87,13.7,27.8,41.0
浦和,6,C人気,C5+（穴人気）,525.0,20.0,47,85,3.8,9.0,16.2
浦和,7,C人気,C1（本命）,50.0,19.0,32,35,38.0,64.0,70.0
浦和,7,C人気,C2-4（中位人気）,151.0,27.0,47,72,17.9,31.1,47.7
浦和,7,C人気,C5+（穴人気）,342.0,6.0,26,48,1.8,7.6,14.0
浦和,8,C人気,C1（本命）,79.0,26.0,44,51,32.9,55.7,64.6
浦和,8,C人気,C2-4（中位人気）,235.0,36.0,75,114,15.3,31.9,48.5
浦和,8,C人気,C5+（穴人気）,534.0,17.0,38,70,3.2,7.1,13.1
浦和,9,C人気,C1（本命）,60.0,23.0,38,48,38.3,63.3,80.0
浦和,9,C人気,C2-4（中位人気）,185.0,29.0,54,78,15.7,29.2,42.2
浦和,9,C人気,C5+（穴人気）,416.0,10.0,31,58,2.4,7.5,13.9
浦和,10,C人気,C1（本命）,64.0,21.0,35,45,32.8,54.7,70.3
浦和,10,C人気,C2-4（中位人気）,190.0,27.0,52,88,14.2,27.4,46.3
浦和,10,C人気,C5+（穴人気）,434.0,16.0,42,61,3.7,9.7,14.1
浦和,11,C人気,C1（本命）,36.0,23.0,31,34,63.9,86.1,94.4
浦和,11,C人気,C2-4（中位人気）,107.0,11.0,31,52,10.3,29.0,48.6
浦和,11,C人気,C5+（穴人気）,214.0,2.0,10,22,0.9,4.7,10.3
浦和,12,C人気,C1（本命）,50.0,25.0,39,44,50.0,78.0,88.0
浦和,12,C人気,C2-4（中位人気）,146.0,19.0,45,71,13.0,30.8,48.6
浦和,12,C人気,C5+（穴人気）,328.0,6.0,17,36,1.8,5.2,11.0
浦和,13,C人気,C1（本命）,46.0,16.0,29,36,34.8,63.0,78.3
浦和,13,C人気,C2-4（中位人気）,134.0,24.0,50,75,17.9,37.3,56.0
浦和,13,C人気,C5+（穴人気）,303.0,6.0,13,27,2.0,4.3,8.9
浦和,1,BB順位,BB1（最上位）,20.0,4.0,5,7,20.0,25.0,35.0
浦和,1,BB順位,BB2-4（中位）,57.0,4.0,10,17,7.0,17.5,29.8
浦和,1,BB順位,BB5+（下位）,166.0,12.0,26,38,7.2,15.7,22.9
浦和,2,BB順位,BB1（最上位）,45.0,9.0,13,18,20.0,28.9,40.0
浦和,2,BB順位,BB2-4（中位）,124.0,18.0,35,54,14.5,28.2,43.5
浦和,2,BB順位,BB5+（下位）,353.0,20.0,47,69,5.7,13.3,19.5
浦和,3,BB順位,BB1（最上位）,30.0,15.0,19,22,50.0,63.3,73.3
浦和,3,BB順位,BB2-4（中位）,91.0,11.0,25,33,12.1,27.5,36.3
浦和,3,BB順位,BB5+（下位）,220.0,5.0,17,36,2.3,7.7,16.4
浦和,4,BB順位,BB1（最上位）,41.0,11.0,18,25,26.8,43.9,61.0
浦和,4,BB順位,BB2-4（中位）,124.0,19.0,33,43,15.3,26.6,34.7
浦和,4,BB順位,BB5+（下位）,273.0,12.0,33,58,4.4,12.1,21.2
浦和,5,BB順位,BB1（最上位）,48.0,7.0,15,20,14.6,31.2,41.7
浦和,5,BB順位,BB2-4（中位）,128.0,25.0,42,57,19.5,32.8,44.5
浦和,5,BB順位,BB5+（下位）,336.0,15.0,35,62,4.5,10.4,18.5
浦和,6,BB順位,BB1（最上位）,70.0,25.0,38,44,35.7,54.3,62.9
浦和,6,BB順位,BB2-4（中位）,205.0,23.0,51,78,11.2,24.9,38.0
浦和,6,BB順位,BB5+（下位）,531.0,23.0,54,91,4.3,10.2,17.1
浦和,7,BB順位,BB1（最上位）,52.0,22.0,30,35,42.3,57.7,67.3
浦和,7,BB順位,BB2-4（中位）,145.0,24.0,49,71,16.6,33.8,49.0
浦和,7,BB順位,BB5+（下位）,346.0,6.0,26,49,1.7,7.5,14.2
浦和,8,BB順位,BB1（最上位）,79.0,24.0,44,52,30.4,55.7,65.8
浦和,8,BB順位,BB2-4（中位）,230.0,29.0,62,97,12.6,27.0,42.2
浦和,8,BB順位,BB5+（下位）,539.0,26.0,51,86,4.8,9.5,16.0
浦和,9,BB順位,BB1（最上位）,61.0,24.0,39,48,39.3,63.9,78.7
浦和,9,BB順位,BB2-4（中位）,183.0,25.0,50,76,13.7,27.3,41.5
浦和,9,BB順位,BB5+（下位）,416.0,13.0,34,60,3.1,8.2,14.4
浦和,10,BB順位,BB1（最上位）,63.0,15.0,28,39,23.8,44.4,61.9
浦和,10,BB順位,BB2-4（中位）,177.0,33.0,62,92,18.6,35.0,52.0
浦和,10,BB順位,BB5+（下位）,447.0,16.0,39,63,3.6,8.7,14.1
浦和,11,BB順位,BB1（最上位）,36.0,23.0,31,34,63.9,86.1,94.4
浦和,11,BB順位,BB2-4（中位）,100.0,10.0,27,45,10.0,27.0,45.0
浦和,11,BB順位,BB5+（下位）,221.0,3.0,14,29,1.4,6.3,13.1
浦和,12,BB順位,BB1（最上位）,50.0,25.0,39,43,50.0,78.0,86.0
浦和,12,BB順位,BB2-4（中位）,152.0,19.0,39,67,12.5,25.7,44.1
浦和,12,BB順位,BB5+（下位）,322.0,6.0,23,41,1.9,7.1,12.7
浦和,13,BB順位,BB1（最上位）,46.0,14.0,29,37,30.4,63.0,80.4
浦和,13,BB順位,BB2-4（中位）,132.0,23.0,43,67,17.4,32.6,50.8
浦和,13,BB順位,BB5+（下位）,305.0,9.0,20,34,3.0,6.6,11.1
浦和,1,単勝オッズ帯,O1（1.0〜2.9倍）,14.0,3.0,4,8,21.4,28.6,57.1
浦和,1,単勝オッズ帯,O2（3.0〜6.9倍）,55.0,7.0,15,18,12.7,27.3,32.7
浦和,1,単勝オッズ帯,O3（7.0〜14.9倍）,54.0,7.0,15,20,13.0,27.8,37.0
浦和,1,単勝オッズ帯,O4（15.0〜29.9倍）,41.0,3.0,5,9,7.3,12.2,22.0
浦和,1,単勝オッズ帯,O5（30.0倍以上）,80.0,1.0,3,8,1.2,3.8,10.0
浦和,2,単勝オッズ帯,O1（1.0〜2.9倍）,28.0,6.0,10,15,21.4,35.7,53.6
浦和,2,単勝オッズ帯,O2（3.0〜6.9倍）,143.0,29.0,48,69,20.3,33.6,48.3
浦和,2,単勝オッズ帯,O3（7.0〜14.9倍）,109.0,10.0,24,34,9.2,22.0,31.2
浦和,2,単勝オッズ帯,O4（15.0〜29.9倍）,81.0,1.0,8,13,1.2,9.9,16.0
浦和,2,単勝オッズ帯,O5（30.0倍以上）,162.0,2.0,6,11,1.2,3.7,6.8
浦和,3,単勝オッズ帯,O1（1.0〜2.9倍）,29.0,16.0,21,24,55.2,72.4,82.8
浦和,3,単勝オッズ帯,O2（3.0〜6.9倍）,51.0,6.0,17,22,11.8,33.3,43.1
浦和,3,単勝オッズ帯,O3（7.0〜14.9倍）,72.0,8.0,17,24,11.1,23.6,33.3
浦和,3,単勝オッズ帯,O4（15.0〜29.9倍）,66.0,1.0,5,15,1.5,7.6,22.7
浦和,3,単勝オッズ帯,O5（30.0倍以上）,125.0,0.0,2,8,0.0,1.6,6.4
浦和,4,単勝オッズ帯,O1（1.0〜2.9倍）,36.0,10.0,20,25,27.8,55.6,69.4
浦和,4,単勝オッズ帯,O2（3.0〜6.9倍）,106.0,22.0,33,47,20.8,31.1,44.3
浦和,4,単勝オッズ帯,O3（7.0〜14.9倍）,77.0,4.0,16,24,5.2,20.8,31.2
浦和,4,単勝オッズ帯,O4（15.0〜29.9倍）,70.0,4.0,10,15,5.7,14.3,21.4
浦和,4,単勝オッズ帯,O5（30.0倍以上）,149.0,2.0,5,15,1.3,3.4,10.1
浦和,5,単勝オッズ帯,O1（1.0〜2.9倍）,40.0,8.0,18,21,20.0,45.0,52.5
浦和,5,単勝オッズ帯,O2（3.0〜6.9倍）,111.0,28.0,41,57,25.2,36.9,51.4
浦和,5,単勝オッズ帯,O3（7.0〜14.9倍）,99.0,8.0,18,31,8.1,18.2,31.3
浦和,5,単勝オッズ帯,O4（15.0〜29.9倍）,76.0,2.0,9,17,2.6,11.8,22.4
浦和,5,単勝オッズ帯,O5（30.0倍以上）,187.0,1.0,6,13,0.5,3.2,7.0
浦和,6,単勝オッズ帯,O1（1.0〜2.9倍）,66.0,21.0,37,41,31.8,56.1,62.1
浦和,6,単勝オッズ帯,O2（3.0〜6.9倍）,125.0,26.0,48,65,20.8,38.4,52.0
浦和,6,単勝オッズ帯,O3（7.0〜14.9倍）,151.0,11.0,30,47,7.3,19.9,31.1
浦和,6,単勝オッズ帯,O4（15.0〜29.9倍）,129.0,8.0,20,37,6.2,15.5,28.7
浦和,6,単勝オッズ帯,O5（30.0倍以上）,337.0,5.0,8,23,1.5,2.4,6.8
浦和,7,単勝オッズ帯,O1（1.0〜2.9倍）,65.0,26.0,44,48,40.0,67.7,73.8
浦和,7,単勝オッズ帯,O2（3.0〜6.9倍）,102.0,18.0,32,51,17.6,31.4,50.0
浦和,7,単勝オッズ帯,O3（7.0〜14.9倍）,78.0,5.0,14,24,6.4,17.9,30.8
浦和,7,単勝オッズ帯,O4（15.0〜29.9倍）,77.0,1.0,7,17,1.3,9.1,22.1
浦和,7,単勝オッズ帯,O5（30.0倍以上）,223.0,2.0,8,16,0.9,3.6,7.2
浦和,8,単勝オッズ帯,O1（1.0〜2.9倍）,87.0,32.0,52,58,36.8,59.8,66.7
浦和,8,単勝オッズ帯,O2（3.0〜6.9倍）,125.0,24.0,46,70,19.2,36.8,56.0
浦和,8,単勝オッズ帯,O3（7.0〜14.9倍）,131.0,11.0,29,51,8.4,22.1,38.9
浦和,8,単勝オッズ帯,O4（15.0〜29.9倍）,140.0,7.0,17,29,5.0,12.1,20.7
浦和,8,単勝オッズ帯,O5（30.0倍以上）,367.0,5.0,13,27,1.4,3.5,7.4
浦和,9,単勝オッズ帯,O1（1.0〜2.9倍）,73.0,27.0,45,56,37.0,61.6,76.7
浦和,9,単勝オッズ帯,O2（3.0〜6.9倍）,95.0,23.0,35,52,24.2,36.8,54.7
浦和,9,単勝オッズ帯,O3（7.0〜14.9倍）,115.0,9.0,24,38,7.8,20.9,33.0
浦和,9,単勝オッズ帯,O4（15.0〜29.9倍）,78.0,2.0,8,17,2.6,10.3,21.8
浦和,9,単勝オッズ帯,O5（30.0倍以上）,302.0,1.0,11,21,0.3,3.6,7.0
浦和,10,単勝オッズ帯,O1（1.0〜2.9倍）,67.0,22.0,37,50,32.8,55.2,74.6
浦和,10,単勝オッズ帯,O2（3.0〜6.9倍）,135.0,28.0,52,75,20.7,38.5,55.6
浦和,10,単勝オッズ帯,O3（7.0〜14.9倍）,83.0,4.0,14,28,4.8,16.9,33.7
浦和,10,単勝オッズ帯,O4（15.0〜29.9倍）,115.0,7.0,15,26,6.1,13.0,22.6
浦和,10,単勝オッズ帯,O5（30.0倍以上）,292.0,3.0,11,16,1.0,3.8,5.5
浦和,11,単勝オッズ帯,O1（1.0〜2.9倍）,36.0,23.0,31,34,63.9,86.1,94.4
浦和,11,単勝オッズ帯,O2（3.0〜6.9倍）,52.0,8.0,18,31,15.4,34.6,59.6
浦和,11,単勝オッズ帯,O3（7.0〜14.9倍）,53.0,4.0,14,20,7.5,26.4,37.7
浦和,11,単勝オッズ帯,O4（15.0〜29.9倍）,49.0,1.0,5,12,2.0,10.2,24.5
浦和,11,単勝オッズ帯,O5（30.0倍以上）,167.0,0.0,4,11,0.0,2.4,6.6
浦和,12,単勝オッズ帯,O1（1.0〜2.9倍）,71.0,34.0,53,60,47.9,74.6,84.5
浦和,12,単勝オッズ帯,O2（3.0〜6.9倍）,56.0,7.0,19,32,12.5,33.9,57.1
浦和,12,単勝オッズ帯,O3（7.0〜14.9倍）,78.0,5.0,17,28,6.4,21.8,35.9
浦和,12,単勝オッズ帯,O4（15.0〜29.9倍）,80.0,2.0,6,15,2.5,7.5,18.8
浦和,12,単勝オッズ帯,O5（30.0倍以上）,242.0,2.0,6,16,0.8,2.5,6.6
浦和,13,単勝オッズ帯,O1（1.0〜2.9倍）,58.0,26.0,41,50,44.8,70.7,86.2
浦和,13,単勝オッズ帯,O2（3.0〜6.9倍）,67.0,12.0,28,46,17.9,41.8,68.7
浦和,13,単勝オッズ帯,O3（7.0〜14.9倍）,55.0,2.0,6,13,3.6,10.9,23.6
浦和,13,単勝オッズ帯,O4（15.0〜29.9倍）,73.0,4.0,11,15,5.5,15.1,20.5
浦和,13,単勝オッズ帯,O5（30.0倍以上）,232.0,2.0,6,14,0.9,2.6,6.0
大井,1,C人気,C1（本命）,36.0,10.0,15,17,27.8,41.7,47.2
大井,1,C人気,C2-4（中位人気）,108.0,14.0,27,47,13.0,25.0,43.5
大井,1,C人気,C5+（穴人気）,341.0,12.0,30,44,3.5,8.8,12.9
大井,2,C人気,C1（本命）,49.0,14.0,21,29,28.6,42.9,59.2
大井,2,C人気,C2-4（中位人気）,147.0,20.0,44,61,13.6,29.9,41.5
大井,2,C人気,C5+（穴人気）,438.0,15.0,33,57,3.4,7.5,13.0
大井,3,C人気,C1（本命）,44.0,18.0,25,32,40.9,56.8,72.7
大井,3,C人気,C2-4（中位人気）,132.0,12.0,34,50,9.1,25.8,37.9
大井,3,C人気,C5+（穴人気）,397.0,14.0,30,50,3.5,7.6,12.6
大井,4,C人気,C1（本命）,49.0,12.0,16,20,24.5,32.7,40.8
大井,4,C人気,C2-4（中位人気）,147.0,24.0,46,62,16.3,31.3,42.2
大井,4,C人気,C5+（穴人気）,440.0,13.0,36,65,3.0,8.2,14.8
大井,5,C人気,C1（本命）,56.0,14.0,28,36,25.0,50.0,64.3
大井,5,C人気,C2-4（中位人気）,168.0,23.0,50,74,13.7,29.8,44.0
大井,5,C人気,C5+（穴人気）,483.0,19.0,34,59,3.9,7.0,12.2
大井,6,C人気,C1（本命）,96.0,41.0,56,69,42.7,58.3,71.9
大井,6,C人気,C2-4（中位人気）,288.0,40.0,87,122,13.9,30.2,42.4
大井,6,C人気,C5+（穴人気）,817.0,15.0,49,97,1.8,6.0,11.9
大井,7,C人気,C1（本命）,65.0,20.0,37,42,30.8,56.9,64.6
大井,7,C人気,C2-4（中位人気）,195.0,29.0,55,95,14.9,28.2,48.7
大井,7,C人気,C5+（穴人気）,509.0,16.0,39,59,3.1,7.7,11.6
大井,8,C人気,C1（本命）,125.0,51.0,73,90,40.8,58.4,72.0
大井,8,C人気,C2-4（中位人気）,374.0,50.0,104,146,13.4,27.8,39.0
大井,8,C人気,C5+（穴人気）,1027.0,24.0,74,139,2.3,7.2,13.5
大井,9,C人気,C1（本命）,72.0,30.0,42,54,41.7,58.3,75.0
大井,9,C人気,C2-4（中位人気）,216.0,24.0,67,96,11.1,31.0,44.4
大井,9,C人気,C5+（穴人気）,570.0,18.0,35,66,3.2,6.1,11.6
大井,10,C人気,C1（本命）,88.0,23.0,42,57,26.1,47.7,64.8
大井,10,C人気,C2-4（中位人気）,264.0,45.0,89,122,17.0,33.7,46.2
大井,10,C人気,C5+（穴人気）,677.0,20.0,45,85,3.0,6.6,12.6
大井,11,C人気,C1（本命）,53.0,33.0,40,45,62.3,75.5,84.9
大井,11,C人気,C2-4（中位人気）,159.0,12.0,40,68,7.5,25.2,42.8
大井,11,C人気,C5+（穴人気）,435.0,8.0,26,46,1.8,6.0,10.6
大井,12,C人気,C1（本命）,65.0,32.0,41,47,49.2,63.1,72.3
大井,12,C人気,C2-4（中位人気）,196.0,25.0,60,93,12.8,30.6,47.4
大井,12,C人気,C5+（穴人気）,517.0,9.0,31,58,1.7,6.0,11.2
大井,13,C人気,C1（本命）,53.0,27.0,42,47,50.9,79.2,88.7
大井,13,C人気,C2-4（中位人気）,159.0,20.0,44,70,12.6,27.7,44.0
大井,13,C人気,C5+（穴人気）,400.0,6.0,20,42,1.5,5.0,10.5
大井,1,BB順位,BB1（最上位）,36.0,7.0,14,18,19.4,38.9,50.0
大井,1,BB順位,BB2-4（中位）,108.0,15.0,26,42,13.9,24.1,38.9
大井,1,BB順位,BB5+（下位）,338.0,14.0,32,48,4.1,9.5,14.2
大井,2,BB順位,BB1（最上位）,49.0,9.0,16,25,18.4,32.7,51.0
大井,2,BB順位,BB2-4（中位）,147.0,24.0,48,65,16.3,32.7,44.2
大井,2,BB順位,BB5+（下位）,431.0,16.0,34,57,3.7,7.9,13.2
大井,3,BB順位,BB1（最上位）,44.0,17.0,23,30,38.6,52.3,68.2
大井,3,BB順位,BB2-4（中位）,132.0,15.0,37,53,11.4,28.0,40.2
大井,3,BB順位,BB5+（下位）,391.0,12.0,29,49,3.1,7.4,12.5
大井,4,BB順位,BB1（最上位）,49.0,14.0,19,22,28.6,38.8,44.9
大井,4,BB順位,BB2-4（中位）,147.0,18.0,34,53,12.2,23.1,36.1
大井,4,BB順位,BB5+（下位）,435.0,17.0,45,72,3.9,10.3,16.6
大井,5,BB順位,BB1（最上位）,56.0,11.0,27,33,19.6,48.2,58.9
大井,5,BB順位,BB2-4（中位）,168.0,22.0,47,73,13.1,28.0,43.5
大井,5,BB順位,BB5+（下位）,479.0,23.0,38,63,4.8,7.9,13.2
大井,6,BB順位,BB1（最上位）,96.0,42.0,56,69,43.8,58.3,71.9
大井,6,BB順位,BB2-4（中位）,288.0,41.0,83,118,14.2,28.8,41.0
大井,6,BB順位,BB5+（下位）,809.0,13.0,53,101,1.6,6.6,12.5
大井,7,BB順位,BB1（最上位）,65.0,18.0,34,43,27.7,52.3,66.2
大井,7,BB順位,BB2-4（中位）,195.0,31.0,50,81,15.9,25.6,41.5
大井,7,BB順位,BB5+（下位）,503.0,16.0,47,72,3.2,9.3,14.3
大井,8,BB順位,BB1（最上位）,125.0,50.0,72,89,40.0,57.6,71.2
大井,8,BB順位,BB2-4（中位）,374.0,44.0,93,144,11.8,24.9,38.5
大井,8,BB順位,BB5+（下位）,1015.0,31.0,86,142,3.1,8.5,14.0
大井,9,BB順位,BB1（最上位）,72.0,24.0,35,50,33.3,48.6,69.4
大井,9,BB順位,BB2-4（中位）,216.0,28.0,69,90,13.0,31.9,41.7
大井,9,BB順位,BB5+（下位）,567.0,20.0,40,76,3.5,7.1,13.4
大井,10,BB順位,BB1（最上位）,88.0,22.0,39,53,25.0,44.3,60.2
大井,10,BB順位,BB2-4（中位）,264.0,48.0,95,128,18.2,36.0,48.5
大井,10,BB順位,BB5+（下位）,670.0,18.0,42,83,2.7,6.3,12.4
大井,11,BB順位,BB1（最上位）,53.0,31.0,40,45,58.5,75.5,84.9
大井,11,BB順位,BB2-4（中位）,159.0,12.0,35,63,7.5,22.0,39.6
大井,11,BB順位,BB5+（下位）,431.0,10.0,31,51,2.3,7.2,11.8
大井,12,BB順位,BB1（最上位）,65.0,28.0,39,46,43.1,60.0,70.8
大井,12,BB順位,BB2-4（中位）,198.0,26.0,63,90,13.1,31.8,45.5
大井,12,BB順位,BB5+（下位）,508.0,12.0,30,62,2.4,5.9,12.2
大井,13,BB順位,BB1（最上位）,53.0,23.0,40,45,43.4,75.5,84.9
大井,13,BB順位,BB2-4（中位）,159.0,24.0,42,67,15.1,26.4,42.1
大井,13,BB順位,BB5+（下位）,400.0,6.0,24,47,1.5,6.0,11.8
大井,1,単勝オッズ帯,O1（1.0〜2.9倍）,24.0,7.0,11,14,29.2,45.8,58.3
大井,1,単勝オッズ帯,O2（3.0〜6.9倍）,76.0,13.0,19,28,17.1,25.0,36.8
大井,1,単勝オッズ帯,O3（7.0〜14.9倍）,117.0,10.0,23,34,8.5,19.7,29.1
大井,1,単勝オッズ帯,O4（15.0〜29.9倍）,76.0,3.0,12,18,3.9,15.8,23.7
大井,1,単勝オッズ帯,O5（30.0倍以上）,185.0,3.0,7,14,1.6,3.8,7.6
大井,2,単勝オッズ帯,O1（1.0〜2.9倍）,18.0,5.0,11,13,27.8,61.1,72.2
大井,2,単勝オッズ帯,O2（3.0〜6.9倍）,156.0,31.0,50,71,19.9,32.1,45.5
大井,2,単勝オッズ帯,O3（7.0〜14.9倍）,124.0,6.0,27,37,4.8,21.8,29.8
大井,2,単勝オッズ帯,O4（15.0〜29.9倍）,83.0,5.0,8,16,6.0,9.6,19.3
大井,2,単勝オッズ帯,O5（30.0倍以上）,244.0,2.0,2,10,0.8,0.8,4.1
大井,3,単勝オッズ帯,O1（1.0〜2.9倍）,39.0,19.0,24,31,48.7,61.5,79.5
大井,3,単勝オッズ帯,O2（3.0〜6.9倍）,72.0,8.0,25,36,11.1,34.7,50.0
大井,3,単勝オッズ帯,O3（7.0〜14.9倍）,103.0,10.0,23,33,9.7,22.3,32.0
大井,3,単勝オッズ帯,O4（15.0〜29.9倍）,95.0,3.0,8,15,3.2,8.4,15.8
大井,3,単勝オッズ帯,O5（30.0倍以上）,257.0,4.0,9,17,1.6,3.5,6.6
大井,4,単勝オッズ帯,O1（1.0〜2.9倍）,30.0,8.0,14,18,26.7,46.7,60.0
大井,4,単勝オッズ帯,O2（3.0〜6.9倍）,136.0,23.0,42,59,16.9,30.9,43.4
大井,4,単勝オッズ帯,O3（7.0〜14.9倍）,108.0,13.0,23,30,12.0,21.3,27.8
大井,4,単勝オッズ帯,O4（15.0〜29.9倍）,88.0,4.0,12,20,4.5,13.6,22.7
大井,4,単勝オッズ帯,O5（30.0倍以上）,267.0,1.0,7,20,0.4,2.6,7.5
大井,5,単勝オッズ帯,O1（1.0〜2.9倍）,40.0,10.0,24,27,25.0,60.0,67.5
大井,5,単勝オッズ帯,O2（3.0〜6.9倍）,145.0,25.0,49,75,17.2,33.8,51.7
大井,5,単勝オッズ帯,O3（7.0〜14.9倍）,126.0,14.0,22,34,11.1,17.5,27.0
大井,5,単勝オッズ帯,O4（15.0〜29.9倍）,104.0,4.0,9,17,3.8,8.7,16.3
大井,5,単勝オッズ帯,O5（30.0倍以上）,287.0,3.0,8,16,1.0,2.8,5.6
大井,6,単勝オッズ帯,O1（1.0〜2.9倍）,87.0,41.0,53,66,47.1,60.9,75.9
大井,6,単勝オッズ帯,O2（3.0〜6.9倍）,164.0,32.0,59,79,19.5,36.0,48.2
大井,6,単勝オッズ帯,O3（7.0〜14.9倍）,219.0,13.0,39,71,5.9,17.8,32.4
大井,6,単勝オッズ帯,O4（15.0〜29.9倍）,203.0,5.0,25,40,2.5,12.3,19.7
大井,6,単勝オッズ帯,O5（30.0倍以上）,515.0,5.0,16,32,1.0,3.1,6.2
大井,7,単勝オッズ帯,O1（1.0〜2.9倍）,62.0,17.0,32,44,27.4,51.6,71.0
大井,7,単勝オッズ帯,O2（3.0〜6.9倍）,143.0,28.0,53,73,19.6,37.1,51.0
大井,7,単勝オッズ帯,O3（7.0〜14.9倍）,125.0,11.0,22,39,8.8,17.6,31.2
大井,7,単勝オッズ帯,O4（15.0〜29.9倍）,119.0,5.0,15,22,4.2,12.6,18.5
大井,7,単勝オッズ帯,O5（30.0倍以上）,314.0,4.0,9,18,1.3,2.9,5.7
大井,8,単勝オッズ帯,O1（1.0〜2.9倍）,133.0,60.0,82,100,45.1,61.7,75.2
大井,8,単勝オッズ帯,O2（3.0〜6.9倍）,152.0,30.0,63,82,19.7,41.4,53.9
大井,8,単勝オッズ帯,O3（7.0〜14.9倍）,241.0,23.0,46,75,9.5,19.1,31.1
大井,8,単勝オッズ帯,O4（15.0〜29.9倍）,290.0,4.0,32,55,1.4,11.0,19.0
大井,8,単勝オッズ帯,O5（30.0倍以上）,700.0,8.0,28,63,1.1,4.0,9.0
大井,9,単勝オッズ帯,O1（1.0〜2.9倍）,74.0,31.0,43,57,41.9,58.1,77.0
大井,9,単勝オッズ帯,O2（3.0〜6.9倍）,129.0,18.0,49,69,14.0,38.0,53.5
大井,9,単勝オッズ帯,O3（7.0〜14.9倍）,124.0,8.0,21,33,6.5,16.9,26.6
大井,9,単勝オッズ帯,O4（15.0〜29.9倍）,127.0,8.0,13,25,6.3,10.2,19.7
大井,9,単勝オッズ帯,O5（30.0倍以上）,397.0,7.0,18,32,1.8,4.5,8.1
大井,10,単勝オッズ帯,O1（1.0〜2.9倍）,95.0,26.0,49,63,27.4,51.6,66.3
大井,10,単勝オッズ帯,O2（3.0〜6.9倍）,169.0,40.0,75,99,23.7,44.4,58.6
大井,10,単勝オッズ帯,O3（7.0〜14.9倍）,152.0,15.0,30,48,9.9,19.7,31.6
大井,10,単勝オッズ帯,O4（15.0〜29.9倍）,142.0,4.0,13,29,2.8,9.2,20.4
大井,10,単勝オッズ帯,O5（30.0倍以上）,462.0,3.0,9,25,0.6,1.9,5.4
大井,11,単勝オッズ帯,O1（1.0〜2.9倍）,55.0,35.0,42,46,63.6,76.4,83.6
大井,11,単勝オッズ帯,O2（3.0〜6.9倍）,66.0,6.0,21,33,9.1,31.8,50.0
大井,11,単勝オッズ帯,O3（7.0〜14.9倍）,85.0,4.0,18,35,4.7,21.2,41.2
大井,11,単勝オッズ帯,O4（15.0〜29.9倍）,99.0,4.0,13,23,4.0,13.1,23.2
大井,11,単勝オッズ帯,O5（30.0倍以上）,335.0,4.0,12,22,1.2,3.6,6.6
大井,12,単勝オッズ帯,O1（1.0〜2.9倍）,86.0,37.0,54,65,43.0,62.8,75.6
大井,12,単勝オッズ帯,O2（3.0〜6.9倍）,68.0,13.0,27,39,19.1,39.7,57.4
大井,12,単勝オッズ帯,O3（7.0〜14.9倍）,104.0,11.0,23,38,10.6,22.1,36.5
大井,12,単勝オッズ帯,O4（15.0〜29.9倍）,124.0,4.0,16,27,3.2,12.9,21.8
大井,12,単勝オッズ帯,O5（30.0倍以上）,387.0,1.0,12,29,0.3,3.1,7.5
大井,13,単勝オッズ帯,O1（1.0〜2.9倍）,66.0,34.0,51,58,51.5,77.3,87.9
大井,13,単勝オッズ帯,O2（3.0〜6.9倍）,70.0,10.0,24,37,14.3,34.3,52.9
大井,13,単勝オッズ帯,O3（7.0〜14.9倍）,63.0,6.0,14,22,9.5,22.2,34.9
大井,13,単勝オッズ帯,O4（15.0〜29.9倍）,77.0,1.0,4,12,1.3,5.2,15.6
大井,13,単勝オッズ帯,O5（30.0倍以上）,333.0,2.0,13,30,0.6,3.9,9.0
川崎,1,C人気,C1（本命）,37.0,11.0,15,20,29.7,40.5,54.1
川崎,1,C人気,C2-4（準本命）,110.0,9.0,24,34,8.2,21.8,30.9
川崎,1,C人気,C5+（穴）,313.0,13.0,27,45,4.2,8.6,14.4
川崎,2,C人気,C1（本命）,56.0,12.0,16,25,21.4,28.6,44.6
川崎,2,C人気,C2-4（準本命）,168.0,24.0,50,67,14.3,29.8,39.9
川崎,2,C人気,C5+（穴）,457.0,13.0,32,55,2.8,7.0,12.0
川崎,3,C人気,C1（本命）,33.0,7.0,17,20,21.2,51.5,60.6
川崎,3,C人気,C2-4（準本命）,99.0,10.0,18,29,10.1,18.2,29.3
川崎,3,C人気,C5+（穴）,271.0,10.0,19,32,3.7,7.0,11.8
川崎,4,C人気,C1（本命）,52.0,12.0,18,24,23.1,34.6,46.2
川崎,4,C人気,C2-4（準本命）,156.0,19.0,45,67,12.2,28.8,42.9
川崎,4,C人気,C5+（穴）,407.0,16.0,31,50,3.9,7.6,12.3
川崎,5,C人気,C1（本命）,40.0,12.0,16,19,30.0,40.0,47.5
川崎,5,C人気,C2-4（準本命）,121.0,16.0,35,53,13.2,28.9,43.8
川崎,5,C人気,C5+（穴）,309.0,9.0,23,40,2.9,7.4,12.9
川崎,6,C人気,C1（本命）,86.0,38.0,55,61,44.2,64.0,70.9
川崎,6,C人気,C2-4（準本命）,258.0,26.0,66,98,10.1,25.6,38.0
川崎,6,C人気,C5+（穴）,623.0,17.0,41,84,2.7,6.6,13.5
川崎,7,C人気,C1（本命）,46.0,11.0,17,24,23.9,37.0,52.2
川崎,7,C人気,C2-4（準本命）,139.0,20.0,46,65,14.4,33.1,46.8
川崎,7,C人気,C5+（穴）,316.0,14.0,27,46,4.4,8.5,14.6
川崎,8,C人気,C1（本命）,102.0,46.0,66,78,45.1,64.7,76.5
川崎,8,C人気,C2-4（準本命）,310.0,32.0,80,124,10.3,25.8,40.0
川崎,8,C人気,C5+（穴）,723.0,19.0,48,90,2.6,6.6,12.4
川崎,9,C人気,C1（本命）,64.0,27.0,40,48,42.2,62.5,75.0
川崎,9,C人気,C2-4（準本命）,192.0,24.0,53,76,12.5,27.6,39.6
川崎,9,C人気,C5+（穴）,463.0,7.0,23,50,1.5,5.0,10.8
川崎,10,C人気,C1（本命）,63.0,22.0,31,42,34.9,49.2,66.7
川崎,10,C人気,C2-4（準本命）,189.0,28.0,63,93,14.8,33.3,49.2
川崎,10,C人気,C5+（穴）,447.0,9.0,24,42,2.0,5.4,9.4
川崎,11,C人気,C1（本命）,44.0,24.0,31,36,54.5,70.5,81.8
川崎,11,C人気,C2-4（準本命）,132.0,15.0,30,53,11.4,22.7,40.2
川崎,11,C人気,C5+（穴）,286.0,3.0,23,37,1.0,8.0,12.9
川崎,12,C人気,C1（本命）,60.0,32.0,42,47,53.3,70.0,78.3
川崎,12,C人気,C2-4（準本命）,180.0,17.0,47,70,9.4,26.1,38.9
川崎,12,C人気,C5+（穴）,396.0,10.0,27,57,2.5,6.8,14.4
川崎,13,C人気,C1（本命）,63.0,32.0,44,47,50.8,69.8,74.6
川崎,13,C人気,C2-4（準本命）,189.0,19.0,52,89,10.1,27.5,47.1
川崎,13,C人気,C5+（穴）,396.0,6.0,18,35,1.5,4.5,8.8
川崎,1,BB順位,BB1（最上位）,37.0,11.0,14,20,29.7,37.8,54.1
川崎,1,BB順位,BB2-4（中位）,111.0,9.0,26,32,8.1,23.4,28.8
川崎,1,BB順位,BB5+（下位）,312.0,13.0,26,47,4.2,8.3,15.1
川崎,2,BB順位,BB1（最上位）,56.0,13.0,19,24,23.2,33.9,42.9
川崎,2,BB順位,BB2-4（中位）,170.0,20.0,42,65,11.8,24.7,38.2
川崎,2,BB順位,BB5+（下位）,455.0,16.0,37,58,3.5,8.1,12.7
川崎,3,BB順位,BB1（最上位）,33.0,7.0,16,18,21.2,48.5,54.5
川崎,3,BB順位,BB2-4（中位）,99.0,8.0,18,27,8.1,18.2,27.3
川崎,3,BB順位,BB5+（下位）,271.0,12.0,20,36,4.4,7.4,13.3
川崎,4,BB順位,BB1（最上位）,52.0,12.0,22,26,23.1,42.3,50.0
川崎,4,BB順位,BB2-4（中位）,156.0,21.0,40,63,13.5,25.6,40.4
川崎,4,BB順位,BB5+（下位）,407.0,14.0,32,52,3.4,7.9,12.8
川崎,5,BB順位,BB1（最上位）,40.0,9.0,16,18,22.5,40.0,45.0
川崎,5,BB順位,BB2-4（中位）,120.0,20.0,37,58,16.7,30.8,48.3
川崎,5,BB順位,BB5+（下位）,310.0,8.0,21,36,2.6,6.8,11.6
川崎,6,BB順位,BB1（最上位）,86.0,38.0,55,60,44.2,64.0,69.8
川崎,6,BB順位,BB2-4（中位）,263.0,19.0,50,84,7.2,19.0,31.9
川崎,6,BB順位,BB5+（下位）,618.0,24.0,57,99,3.9,9.2,16.0
川崎,7,BB順位,BB1（最上位）,46.0,13.0,19,24,28.3,41.3,52.2
川崎,7,BB順位,BB2-4（中位）,138.0,18.0,40,64,13.0,29.0,46.4
川崎,7,BB順位,BB5+（下位）,317.0,14.0,31,47,4.4,9.8,14.8
川崎,8,BB順位,BB1（最上位）,103.0,44.0,67,78,42.7,65.0,75.7
川崎,8,BB順位,BB2-4（中位）,311.0,30.0,77,120,9.6,24.8,38.6
川崎,8,BB順位,BB5+（下位）,721.0,23.0,50,94,3.2,6.9,13.0
川崎,9,BB順位,BB1（最上位）,64.0,27.0,40,48,42.2,62.5,75.0
川崎,9,BB順位,BB2-4（中位）,192.0,23.0,52,73,12.0,27.1,38.0
川崎,9,BB順位,BB5+（下位）,463.0,8.0,24,53,1.7,5.2,11.4
川崎,10,BB順位,BB1（最上位）,63.0,22.0,32,43,34.9,50.8,68.3
川崎,10,BB順位,BB2-4（中位）,189.0,27.0,59,85,14.3,31.2,45.0
川崎,10,BB順位,BB5+（下位）,447.0,10.0,27,49,2.2,6.0,11.0
川崎,11,BB順位,BB1（最上位）,44.0,23.0,30,36,52.3,68.2,81.8
川崎,11,BB順位,BB2-4（中位）,132.0,13.0,30,53,9.8,22.7,40.2
川崎,11,BB順位,BB5+（下位）,286.0,6.0,24,37,2.1,8.4,12.9
川崎,12,BB順位,BB1（最上位）,60.0,29.0,41,45,48.3,68.3,75.0
川崎,12,BB順位,BB2-4（中位）,180.0,19.0,45,68,10.6,25.0,37.8
川崎,12,BB順位,BB5+（下位）,396.0,11.0,30,61,2.8,7.6,15.4
川崎,13,BB順位,BB1（最上位）,64.0,33.0,44,46,51.6,68.8,71.9
川崎,13,BB順位,BB2-4（中位）,188.0,19.0,51,90,10.1,27.1,47.9
川崎,13,BB順位,BB5+（下位）,396.0,5.0,19,35,1.3,4.8,8.8
川崎,1,単勝オッズ帯,O1（1〜2.9倍）,18.0,7.0,8,11,38.9,44.4,61.1
川崎,1,単勝オッズ帯,O2（3.0〜6.9倍）,77.0,11.0,30,37,14.3,39.0,48.1
川崎,1,単勝オッズ帯,O3（7.0〜14.9倍）,97.0,9.0,18,27,9.3,18.6,27.8
川崎,1,単勝オッズ帯,O4（15〜29.9倍）,78.0,2.0,3,12,2.6,3.8,15.4
川崎,1,単勝オッズ帯,O5（30倍以上）,129.0,4.0,7,12,3.1,5.4,9.3
川崎,2,単勝オッズ帯,O1（1〜2.9倍）,16.0,8.0,10,11,50.0,62.5,68.8
川崎,2,単勝オッズ帯,O2（3.0〜6.9倍）,164.0,25.0,48,76,15.2,29.3,46.3
川崎,2,単勝オッズ帯,O3（7.0〜14.9倍）,101.0,9.0,24,32,8.9,23.8,31.7
川崎,2,単勝オッズ帯,O4（15〜29.9倍）,108.0,3.0,8,12,2.8,7.4,11.1
川崎,2,単勝オッズ帯,O5（30倍以上）,201.0,4.0,8,16,2.0,4.0,8.0
川崎,3,単勝オッズ帯,O1（1〜2.9倍）,25.0,9.0,18,20,36.0,72.0,80.0
川崎,3,単勝オッズ帯,O2（3.0〜6.9倍）,53.0,7.0,15,21,13.2,28.3,39.6
川崎,3,単勝オッズ帯,O3（7.0〜14.9倍）,59.0,6.0,11,22,10.2,18.6,37.3
川崎,3,単勝オッズ帯,O4（15〜29.9倍）,62.0,3.0,6,10,4.8,9.7,16.1
川崎,3,単勝オッズ帯,O5（30倍以上）,130.0,2.0,4,8,1.5,3.1,6.2
川崎,4,単勝オッズ帯,O1（1〜2.9倍）,30.0,10.0,13,20,33.3,43.3,66.7
川崎,4,単勝オッズ帯,O2（3.0〜6.9倍）,138.0,21.0,48,65,15.2,34.8,47.1
川崎,4,単勝オッズ帯,O3（7.0〜14.9倍）,88.0,7.0,17,32,8.0,19.3,36.4
川崎,4,単勝オッズ帯,O4（15〜29.9倍）,93.0,7.0,11,16,7.5,11.8,17.2
川崎,4,単勝オッズ帯,O5（30倍以上）,199.0,2.0,5,8,1.0,2.5,4.0
川崎,5,単勝オッズ帯,O1（1〜2.9倍）,30.0,8.0,15,18,26.7,50.0,60.0
川崎,5,単勝オッズ帯,O2（3.0〜6.9倍）,94.0,17.0,31,47,18.1,33.0,50.0
川崎,5,単勝オッズ帯,O3（7.0〜14.9倍）,69.0,8.0,17,26,11.6,24.6,37.7
川崎,5,単勝オッズ帯,O4（15〜29.9倍）,71.0,4.0,8,14,5.6,11.3,19.7
川崎,5,単勝オッズ帯,O5（30倍以上）,165.0,0.0,3,7,0.0,1.8,4.2
川崎,6,単勝オッズ帯,O1（1〜2.9倍）,80.0,37.0,53,59,46.2,66.2,73.8
川崎,6,単勝オッズ帯,O2（3.0〜6.9倍）,150.0,22.0,52,78,14.7,34.7,52.0
川崎,6,単勝オッズ帯,O3（7.0〜14.9倍）,170.0,13.0,31,49,7.6,18.2,28.8
川崎,6,単勝オッズ帯,O4（15〜29.9倍）,151.0,5.0,16,30,3.3,10.6,19.9
川崎,6,単勝オッズ帯,O5（30倍以上）,351.0,4.0,10,27,1.1,2.8,7.7
川崎,7,単勝オッズ帯,O1（1〜2.9倍）,44.0,17.0,26,27,38.6,59.1,61.4
川崎,7,単勝オッズ帯,O2（3.0〜6.9倍）,104.0,14.0,31,53,13.5,29.8,51.0
川崎,7,単勝オッズ帯,O3（7.0〜14.9倍）,87.0,7.0,18,28,8.0,20.7,32.2
川崎,7,単勝オッズ帯,O4（15〜29.9倍）,69.0,4.0,7,15,5.8,10.1,21.7
川崎,7,単勝オッズ帯,O5（30倍以上）,184.0,3.0,8,12,1.6,4.3,6.5
川崎,8,単勝オッズ帯,O1（1〜2.9倍）,106.0,52.0,73,87,49.1,68.9,82.1
川崎,8,単勝オッズ帯,O2（3.0〜6.9倍）,135.0,14.0,47,72,10.4,34.8,53.3
川崎,8,単勝オッズ帯,O3（7.0〜14.9倍）,186.0,22.0,39,63,11.8,21.0,33.9
川崎,8,単勝オッズ帯,O4（15〜29.9倍）,177.0,3.0,12,36,1.7,6.8,20.3
川崎,8,単勝オッズ帯,O5（30倍以上）,442.0,6.0,23,34,1.4,5.2,7.7
川崎,9,単勝オッズ帯,O1（1〜2.9倍）,60.0,29.0,43,50,48.3,71.7,83.3
川崎,9,単勝オッズ帯,O2（3.0〜6.9倍）,79.0,13.0,26,40,16.5,32.9,50.6
川崎,9,単勝オッズ帯,O3（7.0〜14.9倍）,114.0,11.0,29,47,9.6,25.4,41.2
川崎,9,単勝オッズ帯,O4（15〜29.9倍）,103.0,4.0,10,20,3.9,9.7,19.4
川崎,9,単勝オッズ帯,O5（30倍以上）,278.0,1.0,8,17,0.4,2.9,6.1
川崎,10,単勝オッズ帯,O1（1〜2.9倍）,62.0,24.0,35,47,38.7,56.5,75.8
川崎,10,単勝オッズ帯,O2（3.0〜6.9倍）,110.0,20.0,47,62,18.2,42.7,56.4
川崎,10,単勝オッズ帯,O3（7.0〜14.9倍）,85.0,8.0,15,27,9.4,17.6,31.8
川崎,10,単勝オッズ帯,O4（15〜29.9倍）,114.0,4.0,11,25,3.5,9.6,21.9
川崎,10,単勝オッズ帯,O5（30倍以上）,279.0,3.0,10,16,1.1,3.6,5.7
川崎,11,単勝オッズ帯,O1（1〜2.9倍）,43.0,24.0,32,36,55.8,74.4,83.7
川崎,11,単勝オッズ帯,O2（3.0〜6.9倍）,53.0,9.0,15,28,17.0,28.3,52.8
川崎,11,単勝オッズ帯,O3（7.0〜14.9倍）,69.0,7.0,16,29,10.1,23.2,42.0
川崎,11,単勝オッズ帯,O4（15〜29.9倍）,61.0,1.0,7,12,1.6,11.5,19.7
川崎,11,単勝オッズ帯,O5（30倍以上）,210.0,1.0,14,21,0.5,6.7,10.0
川崎,12,単勝オッズ帯,O1（1〜2.9倍）,76.0,35.0,55,61,46.1,72.4,80.3
川崎,12,単勝オッズ帯,O2（3.0〜6.9倍）,80.0,10.0,26,39,12.5,32.5,48.8
川崎,12,単勝オッズ帯,O3（7.0〜14.9倍）,76.0,8.0,17,25,10.5,22.4,32.9
川崎,12,単勝オッズ帯,O4（15〜29.9倍）,105.0,2.0,7,19,1.9,6.7,18.1
川崎,12,単勝オッズ帯,O5（30倍以上）,274.0,4.0,11,30,1.5,4.0,10.9
川崎,13,単勝オッズ帯,O1（1〜2.9倍）,76.0,42.0,55,63,55.3,72.4,82.9
川崎,13,単勝オッズ帯,O2（3.0〜6.9倍）,78.0,9.0,30,46,11.5,38.5,59.0
川崎,13,単勝オッズ帯,O3（7.0〜14.9倍）,65.0,1.0,11,25,1.5,16.9,38.5
川崎,13,単勝オッズ帯,O4（15〜29.9倍）,69.0,1.0,8,14,1.4,11.6,20.3
川崎,13,単勝オッズ帯,O5（30倍以上）,300.0,4.0,10,23,1.3,3.3,7.7
園田,1,C人気,C1（本命）,126.0,54.0,75,91,42.9,59.5,72.2
園田,1,C人気,C2-4（準本命）,378.0,48.0,109,164,12.7,28.8,43.4
園田,1,C人気,C5+（穴）,847.0,24.0,68,123,2.8,8.0,14.5
園田,2,C人気,C1（本命）,102.0,30.0,47,66,29.4,46.1,64.7
園田,2,C人気,C2-4（準本命）,306.0,44.0,93,136,14.4,30.4,44.4
園田,2,C人気,C5+（穴）,655.0,28.0,64,104,4.3,9.8,15.9
園田,3,C人気,C1（本命）,93.0,37.0,54,70,39.8,58.1,75.3
園田,3,C人気,C2-4（準本命）,279.0,38.0,83,121,13.6,29.7,43.4
園田,3,C人気,C5+（穴）,584.0,18.0,49,88,3.1,8.4,15.1
園田,4,C人気,C1（本命）,62.0,23.0,34,45,37.1,54.8,72.6
園田,4,C人気,C2-4（準本命）,186.0,27.0,66,95,14.5,35.5,51.1
園田,4,C人気,C5+（穴）,391.0,12.0,24,46,3.1,6.1,11.8
園田,5,C人気,C1（本命）,55.0,14.0,24,35,25.5,43.6,63.6
園田,5,C人気,C2-4（準本命）,165.0,29.0,58,83,17.6,35.2,50.3
園田,5,C人気,C5+（穴）,343.0,12.0,29,47,3.5,8.5,13.7
園田,6,C人気,C1（本命）,96.0,46.0,67,78,47.9,69.8,81.2
園田,6,C人気,C2-4（準本命）,288.0,33.0,84,129,11.5,29.2,44.8
園田,6,C人気,C5+（穴）,584.0,17.0,41,81,2.9,7.0,13.9
園田,7,C人気,C1（本命）,55.0,17.0,30,41,30.9,54.5,74.5
園田,7,C人気,C2-4（準本命）,165.0,32.0,60,88,19.4,36.4,53.3
園田,7,C人気,C5+（穴）,325.0,6.0,20,36,1.8,6.2,11.1
園田,8,C人気,C1（本命）,104.0,56.0,78,86,53.8,75.0,82.7
園田,8,C人気,C2-4（準本命）,312.0,43.0,95,141,13.8,30.4,45.2
園田,8,C人気,C5+（穴）,612.0,5.0,36,85,0.8,5.9,13.9
園田,9,C人気,C1（本命）,54.0,26.0,36,43,48.1,66.7,79.6
園田,9,C人気,C2-4（準本命）,162.0,24.0,55,84,14.8,34.0,51.9
園田,9,C人気,C5+（穴）,316.0,4.0,17,35,1.3,5.4,11.1
園田,10,C人気,C1（本命）,51.0,24.0,36,43,47.1,70.6,84.3
園田,10,C人気,C2-4（準本命）,153.0,23.0,56,88,15.0,36.6,57.5
園田,10,C人気,C5+（穴）,285.0,4.0,10,22,1.4,3.5,7.7
園田,11,C人気,C1（本命）,15.0,9.0,14,14,60.0,93.3,93.3
園田,11,C人気,C2-4（準本命）,45.0,5.0,15,25,11.1,33.3,55.6
園田,11,C人気,C5+（穴）,68.0,1.0,1,6,1.5,1.5,8.8
園田,12,C人気,C1（本命）,32.0,15.0,26,30,46.9,81.2,93.8
園田,12,C人気,C2-4（準本命）,96.0,15.0,31,54,15.6,32.3,56.2
園田,12,C人気,C5+（穴）,177.0,2.0,7,12,1.1,4.0,6.8
園田,13,C人気,C1（本命）,22.0,9.0,14,16,40.9,63.6,72.7
園田,13,C人気,C2-4（準本命）,66.0,12.0,25,36,18.2,37.9,54.5
園田,13,C人気,C5+（穴）,95.0,1.0,5,14,1.1,5.3,14.7
園田,1,BB順位,BB1（最上位）,126.0,55.0,76,92,43.7,60.3,73.0
園田,1,BB順位,BB2-4（中位）,378.0,47.0,104,158,12.4,27.5,41.8
園田,1,BB順位,BB5+（下位）,847.0,24.0,72,128,2.8,8.5,15.1
園田,2,BB順位,BB1（最上位）,102.0,28.0,46,64,27.5,45.1,62.7
園田,2,BB順位,BB2-4（中位）,306.0,43.0,95,135,14.1,31.0,44.1
園田,2,BB順位,BB5+（下位）,655.0,31.0,63,107,4.7,9.6,16.3
園田,3,BB順位,BB1（最上位）,93.0,39.0,57,72,41.9,61.3,77.4
園田,3,BB順位,BB2-4（中位）,279.0,29.0,69,109,10.4,24.7,39.1
園田,3,BB順位,BB5+（下位）,584.0,25.0,60,98,4.3,10.3,16.8
園田,4,BB順位,BB1（最上位）,62.0,20.0,30,42,32.3,48.4,67.7
園田,4,BB順位,BB2-4（中位）,186.0,27.0,65,93,14.5,34.9,50.0
園田,4,BB順位,BB5+（下位）,391.0,15.0,29,51,3.8,7.4,13.0
園田,5,BB順位,BB1（最上位）,55.0,12.0,23,34,21.8,41.8,61.8
園田,5,BB順位,BB2-4（中位）,165.0,31.0,59,83,18.8,35.8,50.3
園田,5,BB順位,BB5+（下位）,343.0,12.0,29,48,3.5,8.5,14.0
園田,6,BB順位,BB1（最上位）,96.0,45.0,65,76,46.9,67.7,79.2
園田,6,BB順位,BB2-4（中位）,288.0,37.0,87,130,12.8,30.2,45.1
園田,6,BB順位,BB5+（下位）,584.0,14.0,40,82,2.4,6.8,14.0
園田,7,BB順位,BB1（最上位）,55.0,17.0,33,42,30.9,60.0,76.4
園田,7,BB順位,BB2-4（中位）,165.0,31.0,55,81,18.8,33.3,49.1
園田,7,BB順位,BB5+（下位）,325.0,7.0,22,42,2.2,6.8,12.9
園田,8,BB順位,BB1（最上位）,104.0,53.0,79,88,51.0,76.0,84.6
園田,8,BB順位,BB2-4（中位）,312.0,45.0,95,139,14.4,30.4,44.6
園田,8,BB順位,BB5+（下位）,612.0,6.0,35,85,1.0,5.7,13.9
園田,9,BB順位,BB1（最上位）,54.0,27.0,38,44,50.0,70.4,81.5
園田,9,BB順位,BB2-4（中位）,162.0,25.0,51,81,15.4,31.5,50.0
園田,9,BB順位,BB5+（下位）,316.0,2.0,19,37,0.6,6.0,11.7
園田,10,BB順位,BB1（最上位）,51.0,23.0,33,39,45.1,64.7,76.5
園田,10,BB順位,BB2-4（中位）,153.0,23.0,55,88,15.0,35.9,57.5
園田,10,BB順位,BB5+（下位）,285.0,5.0,14,26,1.8,4.9,9.1
園田,11,BB順位,BB1（最上位）,15.0,9.0,14,14,60.0,93.3,93.3
園田,11,BB順位,BB2-4（中位）,45.0,5.0,14,22,11.1,31.1,48.9
園田,11,BB順位,BB5+（下位）,68.0,1.0,2,9,1.5,2.9,13.2
園田,12,BB順位,BB1（最上位）,32.0,15.0,25,30,46.9,78.1,93.8
園田,12,BB順位,BB2-4（中位）,96.0,15.0,32,49,15.6,33.3,51.0
園田,12,BB順位,BB5+（下位）,177.0,2.0,7,17,1.1,4.0,9.6
園田,13,BB順位,BB1（最上位）,22.0,11.0,15,17,50.0,68.2,77.3
園田,13,BB順位,BB2-4（中位）,66.0,9.0,24,38,13.6,36.4,57.6
園田,13,BB順位,BB5+（下位）,95.0,2.0,5,11,2.1,5.3,11.6
園田,1,単勝オッズ帯,O1（1〜2.9倍）,123.0,57.0,77,92,46.3,62.6,74.8
園田,1,単勝オッズ帯,O2（3.0〜6.9倍）,240.0,36.0,76,117,15.0,31.7,48.8
園田,1,単勝オッズ帯,O3（7.0〜14.9倍）,287.0,19.0,56,83,6.6,19.5,28.9
園田,1,単勝オッズ帯,O4（15〜29.9倍）,189.0,9.0,27,45,4.8,14.3,23.8
園田,1,単勝オッズ帯,O5（30倍以上）,500.0,5.0,16,41,1.0,3.2,8.2
園田,2,単勝オッズ帯,O1（1〜2.9倍）,92.0,35.0,52,62,38.0,56.5,67.4
園田,2,単勝オッズ帯,O2（3.0〜6.9倍）,244.0,38.0,82,124,15.6,33.6,50.8
園田,2,単勝オッズ帯,O3（7.0〜14.9倍）,208.0,16.0,41,76,7.7,19.7,36.5
園田,2,単勝オッズ帯,O4（15〜29.9倍）,134.0,8.0,16,24,6.0,11.9,17.9
園田,2,単勝オッズ帯,O5（30倍以上）,369.0,5.0,13,20,1.4,3.5,5.4
園田,3,単勝オッズ帯,O1（1〜2.9倍）,100.0,43.0,63,77,43.0,63.0,77.0
園田,3,単勝オッズ帯,O2（3.0〜6.9倍）,131.0,21.0,41,61,16.0,31.3,46.6
園田,3,単勝オッズ帯,O3（7.0〜14.9倍）,170.0,15.0,39,62,8.8,22.9,36.5
園田,3,単勝オッズ帯,O4（15〜29.9倍）,166.0,12.0,32,46,7.2,19.3,27.7
園田,3,単勝オッズ帯,O5（30倍以上）,381.0,2.0,11,33,0.5,2.9,8.7
園田,4,単勝オッズ帯,O1（1〜2.9倍）,61.0,21.0,32,40,34.4,52.5,65.6
園田,4,単勝オッズ帯,O2（3.0〜6.9倍）,143.0,27.0,57,84,18.9,39.9,58.7
園田,4,単勝オッズ帯,O3（7.0〜14.9倍）,95.0,9.0,22,38,9.5,23.2,40.0
園田,4,単勝オッズ帯,O4（15〜29.9倍）,82.0,3.0,7,10,3.7,8.5,12.2
園田,4,単勝オッズ帯,O5（30倍以上）,256.0,2.0,6,14,0.8,2.3,5.5
園田,5,単勝オッズ帯,O1（1〜2.9倍）,67.0,25.0,36,48,37.3,53.7,71.6
園田,5,単勝オッズ帯,O2（3.0〜6.9倍）,101.0,18.0,37,52,17.8,36.6,51.5
園田,5,単勝オッズ帯,O3（7.0〜14.9倍）,81.0,8.0,22,32,9.9,27.2,39.5
園田,5,単勝オッズ帯,O4（15〜29.9倍）,70.0,2.0,8,18,2.9,11.4,25.7
園田,5,単勝オッズ帯,O5（30倍以上）,242.0,2.0,8,15,0.8,3.3,6.2
園田,6,単勝オッズ帯,O1（1〜2.9倍）,121.0,53.0,76,90,43.8,62.8,74.4
園田,6,単勝オッズ帯,O2（3.0〜6.9倍）,121.0,18.0,44,60,14.9,36.4,49.6
園田,6,単勝オッズ帯,O3（7.0〜14.9倍）,147.0,16.0,37,63,10.9,25.2,42.9
園田,6,単勝オッズ帯,O4（15〜29.9倍）,149.0,2.0,16,38,1.3,10.7,25.5
園田,6,単勝オッズ帯,O5（30倍以上）,421.0,7.0,19,37,1.7,4.5,8.8
園田,7,単勝オッズ帯,O1（1〜2.9倍）,67.0,26.0,46,56,38.8,68.7,83.6
園田,7,単勝オッズ帯,O2（3.0〜6.9倍）,106.0,23.0,41,61,21.7,38.7,57.5
園田,7,単勝オッズ帯,O3（7.0〜14.9倍）,77.0,6.0,14,24,7.8,18.2,31.2
園田,7,単勝オッズ帯,O4（15〜29.9倍）,77.0,0.0,4,17,0.0,5.2,22.1
園田,7,単勝オッズ帯,O5（30倍以上）,213.0,0.0,5,7,0.0,2.3,3.3
園田,8,単勝オッズ帯,O1（1〜2.9倍）,135.0,67.0,101,114,49.6,74.8,84.4
園田,8,単勝オッズ帯,O2（3.0〜6.9倍）,113.0,21.0,44,61,18.6,38.9,54.0
園田,8,単勝オッズ帯,O3（7.0〜14.9倍）,111.0,14.0,28,47,12.6,25.2,42.3
園田,8,単勝オッズ帯,O4（15〜29.9倍）,165.0,2.0,15,41,1.2,9.1,24.8
園田,8,単勝オッズ帯,O5（30倍以上）,493.0,0.0,21,49,0.0,4.3,9.9
園田,9,単勝オッズ帯,O1（1〜2.9倍）,65.0,33.0,45,56,50.8,69.2,86.2
園田,9,単勝オッズ帯,O2（3.0〜6.9倍）,77.0,16.0,33,46,20.8,42.9,59.7
園田,9,単勝オッズ帯,O3（7.0〜14.9倍）,78.0,4.0,18,28,5.1,23.1,35.9
園田,9,単勝オッズ帯,O4（15〜29.9倍）,74.0,0.0,3,15,0.0,4.1,20.3
園田,9,単勝オッズ帯,O5（30倍以上）,234.0,1.0,9,17,0.4,3.8,7.3
園田,10,単勝オッズ帯,O1（1〜2.9倍）,70.0,33.0,49,56,47.1,70.0,80.0
園田,10,単勝オッズ帯,O2（3.0〜6.9倍）,71.0,10.0,33,46,14.1,46.5,64.8
園田,10,単勝オッズ帯,O3（7.0〜14.9倍）,55.0,5.0,11,26,9.1,20.0,47.3
園田,10,単勝オッズ帯,O4（15〜29.9倍）,61.0,1.0,4,12,1.6,6.6,19.7
園田,10,単勝オッズ帯,O5（30倍以上）,229.0,2.0,5,13,0.9,2.2,5.7
園田,11,単勝オッズ帯,O1（1〜2.9倍）,17.0,10.0,15,15,58.8,88.2,88.2
園田,11,単勝オッズ帯,O2（3.0〜6.9倍）,20.0,2.0,8,13,10.0,40.0,65.0
園田,11,単勝オッズ帯,O3（7.0〜14.9倍）,18.0,1.0,4,8,5.6,22.2,44.4
園田,11,単勝オッズ帯,O4（15〜29.9倍）,11.0,1.0,2,4,9.1,18.2,36.4
園田,11,単勝オッズ帯,O5（30倍以上）,61.0,1.0,1,5,1.6,1.6,8.2
園田,12,単勝オッズ帯,O1（1〜2.9倍）,53.0,24.0,39,49,45.3,73.6,92.5
園田,12,単勝オッズ帯,O2（3.0〜6.9倍）,22.0,3.0,8,13,13.6,36.4,59.1
園田,12,単勝オッズ帯,O3（7.0〜14.9倍）,36.0,1.0,7,16,2.8,19.4,44.4
園田,12,単勝オッズ帯,O4（15〜29.9倍）,44.0,1.0,5,9,2.3,11.4,20.5
園田,12,単勝オッズ帯,O5（30倍以上）,148.0,3.0,5,9,2.0,3.4,6.1
園田,13,単勝オッズ帯,O1（1〜2.9倍）,34.0,16.0,22,27,47.1,64.7,79.4
園田,13,単勝オッズ帯,O2（3.0〜6.9倍）,22.0,4.0,13,17,18.2,59.1,77.3
園田,13,単勝オッズ帯,O3（7.0〜14.9倍）,16.0,0.0,1,4,0.0,6.2,25.0
園田,13,単勝オッズ帯,O4（15〜29.9倍）,24.0,2.0,4,6,8.3,16.7,25.0
園田,13,単勝オッズ帯,O5（30倍以上）,86.0,0.0,4,12,0.0,4.7,14.0
