競馬場,データ種別,総合ランク,単勝オッズ帯,出走数,勝率,連対率,複勝率
浦和,総合ランクオッズ別,SSS,1.0～1.4,50.0,74.0,84.0,90.0
浦和,総合ランクオッズ別,SSS,1.5～1.9,49.0,40.8,55.1,69.4
浦和,総合ランクオッズ別,SSS,2.0～2.9,36.0,33.3,58.3,77.8
浦和,総合ランクオッズ別,SSS,3.0～3.9,13.0,23.1,38.5,53.8
浦和,総合ランクオッズ別,SSS,4.0～4.9,1.0,0.0,0.0,0.0
浦和,総合ランクオッズ別,SSS,5.0～6.9,4.0,0.0,0.0,50.0
浦和,総合ランクオッズ別,SSS,7.0～9.9,0.0,0.0,0.0,0.0
浦和,総合ランクオッズ別,SSS,10.0～14.9,0.0,0.0,0.0,0.0
浦和,総合ランクオッズ別,SSS,15.0～19.9,0.0,0.0,0.0,0.0
浦和,総合ランクオッズ別,SSS,20.0～29.9,0.0,0.0,0.0,0.0
浦和,総合ランクオッズ別,SSS,30.0～49.9,0.0,0.0,0.0,0.0
浦和,総合ランクオッズ別,SSS,50.0～99.9,0.0,0.0,0.0,0.0
浦和,総合ランクオッズ別,SSS,100.0～1000.0,0.0,0.0,0.0,0.0
浦和,総合ランクオッズ別,SS,1.0～1.4,101.0,75.2,86.1,90.1
浦和,総合ランクオッズ別,SS,1.5～1.9,150.0,48.0,68.7,76.7
浦和,総合ランクオッズ別,SS,2.0～2.9,122.0,39.3,59.0,77.0
浦和,総合ランクオッズ別,SS,3.0～3.9,48.0,27.1,45.8,60.4
浦和,総合ランクオッズ別,SS,4.0～4.9,17.0,23.5,41.2,64.7
浦和,総合ランクオッズ別,SS,5.0～6.9,14.0,28.6,42.9,64.3
浦和,総合ランクオッズ別,SS,7.0～9.9,2.0,0.0,0.0,50.0
浦和,総合ランクオッズ別,SS,10.0～14.9,0.0,0.0,0.0,0.0
浦和,総合ランクオッズ別,SS,15.0～19.9,0.0,0.0,0.0,0.0
浦和,総合ランクオッズ別,SS,20.0～29.9,0.0,0.0,0.0,0.0
浦和,総合ランクオッズ別,SS,30.0～49.9,0.0,0.0,0.0,0.0
浦和,総合ランクオッズ別,SS,50.0～99.9,0.0,0.0,0.0,0.0
浦和,総合ランクオッズ別,SS,100.0～1000.0,0.0,0.0,0.0,0.0
浦和,総合ランクオッズ別,S,1.0～1.4,114.0,67.5,80.7,88.6
浦和,総合ランクオッズ別,S,1.5～1.9,207.0,43.5,64.3,75.8
浦和,総合ランクオッズ別,S,2.0～2.9,254.0,29.9,54.3,66.1
浦和,総合ランクオッズ別,S,3.0～3.9,132.0,23.5,44.7,61.4
浦和,総合ランクオッズ別,S,4.0～4.9,57.0,22.8,42.1,57.9
浦和,総合ランクオッズ別,S,5.0～6.9,43.0,18.6,25.6,51.2
浦和,総合ランクオッズ別,S,7.0～9.9,13.0,15.4,23.1,38.5
浦和,総合ランクオッズ別,S,10.0～14.9,4.0,0.0,25.0,50.0
浦和,総合ランクオッズ別,S,15.0～19.9,1.0,0.0,0.0,0.0
浦和,総合ランクオッズ別,S,20.0～29.9,2.0,0.0,0.0,0.0
浦和,総合ランクオッズ別,S,30.0～49.9,0.0,0.0,0.0,0.0
浦和,総合ランクオッズ別,S,50.0～99.9,1.0,0.0,0.0,0.0
浦和,総合ランクオッズ別,S,100.0～1000.0,0.0,0.0,0.0,0.0
浦和,総合ランクオッズ別,AA,1.0～1.4,55.0,58.2,81.8,89.1
浦和,総合ランクオッズ別,AA,1.5～1.9,129.0,41.9,67.4,79.8
浦和,総合ランクオッズ別,AA,2.0～2.9,242.0,36.0,57.0,71.1
浦和,総合ランクオッズ別,AA,3.0～3.9,155.0,30.3,43.2,54.2
浦和,総合ランクオッズ別,AA,4.0～4.9,111.0,19.8,39.6,59.5
浦和,総合ランクオッズ別,AA,5.0～6.9,98.0,20.4,41.8,51.0
浦和,総合ランクオッズ別,AA,7.0～9.9,61.0,8.2,23.0,36.1
浦和,総合ランクオッズ別,AA,10.0～14.9,36.0,8.3,8.3,25.0
浦和,総合ランクオッズ別,AA,15.0～19.9,11.0,0.0,0.0,27.3
浦和,総合ランクオッズ別,AA,20.0～29.9,9.0,0.0,11.1,22.2
浦和,総合ランクオッズ別,AA,30.0～49.9,8.0,0.0,12.5,12.5
浦和,総合ランクオッズ別,AA,50.0～99.9,6.0,0.0,0.0,0.0
浦和,総合ランクオッズ別,AA,100.0～1000.0,3.0,0.0,0.0,0.0
浦和,総合ランクオッズ別,A,1.0～1.4,21.0,71.4,85.7,90.5
浦和,総合ランクオッズ別,A,1.5～1.9,103.0,45.6,65.0,82.5
浦和,総合ランクオッズ別,A,2.0～2.9,378.0,24.9,50.5,67.7
浦和,総合ランクオッズ別,A,3.0～3.9,386.0,23.1,44.3,59.8
浦和,総合ランクオッズ別,A,4.0～4.9,283.0,20.1,39.6,55.1
浦和,総合ランクオッズ別,A,5.0～6.9,373.0,12.1,33.5,46.1
浦和,総合ランクオッズ別,A,7.0～9.9,234.0,9.0,23.9,35.5
浦和,総合ランクオッズ別,A,10.0～14.9,167.0,9.0,18.6,35.3
浦和,総合ランクオッズ別,A,15.0～19.9,85.0,4.7,10.6,27.1
浦和,総合ランクオッズ別,A,20.0～29.9,64.0,1.6,9.4,14.1
浦和,総合ランクオッズ別,A,30.0～49.9,57.0,3.5,8.8,19.3
浦和,総合ランクオッズ別,A,50.0～99.9,24.0,0.0,0.0,8.3
浦和,総合ランクオッズ別,A,100.0～1000.0,14.0,0.0,0.0,0.0
浦和,総合ランクオッズ別,B,1.0～1.4,2.0,100.0,100.0,100.0
浦和,総合ランクオッズ別,B,1.5～1.9,22.0,59.1,72.7,81.8
浦和,総合ランクオッズ別,B,2.0～2.9,130.0,29.2,56.9,66.2
浦和,総合ランクオッズ別,B,3.0～3.9,220.0,18.2,39.5,58.6
浦和,総合ランクオッズ別,B,4.0～4.9,236.0,18.6,39.4,57.6
浦和,総合ランクオッズ別,B,5.0～6.9,327.0,16.2,29.7,48.6
浦和,総合ランクオッズ別,B,7.0～9.9,329.0,9.4,21.0,35.9
浦和,総合ランクオッズ別,B,10.0～14.9,250.0,7.6,17.6,32.0
浦和,総合ランクオッズ別,B,15.0～19.9,129.0,2.3,10.9,21.7
浦和,総合ランクオッズ別,B,20.0～29.9,124.0,4.8,12.1,27.4
浦和,総合ランクオッズ別,B,30.0～49.9,91.0,3.3,8.8,15.4
浦和,総合ランクオッズ別,B,50.0～99.9,63.0,0.0,1.6,6.3
浦和,総合ランクオッズ別,B,100.0～1000.0,28.0,0.0,0.0,0.0
浦和,総合ランクオッズ別,C,1.0～1.4,1.0,100.0,100.0,100.0
浦和,総合ランクオッズ別,C,1.5～1.9,14.0,28.6,64.3,85.7
浦和,総合ランクオッズ別,C,2.0～2.9,101.0,25.7,51.5,68.3
浦和,総合ランクオッズ別,C,3.0～3.9,187.0,17.1,31.6,51.9
浦和,総合ランクオッズ別,C,4.0～4.9,250.0,18.4,38.4,54.4
浦和,総合ランクオッズ別,C,5.0～6.9,427.0,12.2,26.2,43.3
浦和,総合ランクオッズ別,C,7.0～9.9,473.0,7.2,21.4,36.2
浦和,総合ランクオッズ別,C,10.0～14.9,475.0,6.9,21.3,33.7
浦和,総合ランクオッズ別,C,15.0～19.9,297.0,5.1,15.5,31.6
浦和,総合ランクオッズ別,C,20.0～29.9,298.0,3.4,11.7,22.8
浦和,総合ランクオッズ別,C,30.0～49.9,302.0,3.3,7.9,13.9
浦和,総合ランクオッズ別,C,50.0～99.9,193.0,0.5,2.1,8.3
浦和,総合ランクオッズ別,C,100.0～1000.0,86.0,1.2,3.5,3.5
浦和,総合ランクオッズ別,D,1.0～1.4,0.0,0.0,0.0,0.0
浦和,総合ランクオッズ別,D,1.5～1.9,3.0,0.0,0.0,66.7
浦和,総合ランクオッズ別,D,2.0～2.9,29.0,24.1,51.7,65.5
浦和,総合ランクオッズ別,D,3.0～3.9,92.0,21.7,38.0,51.1
浦和,総合ランクオッズ別,D,4.0～4.9,129.0,19.4,31.0,42.6
浦和,総合ランクオッズ別,D,5.0～6.9,341.0,12.0,26.4,38.7
浦和,総合ランクオッズ別,D,7.0～9.9,472.0,9.5,23.7,37.5
浦和,総合ランクオッズ別,D,10.0～14.9,589.0,5.8,17.0,27.2
浦和,総合ランクオッズ別,D,15.0～19.9,430.0,5.3,14.9,26.3
浦和,総合ランクオッズ別,D,20.0～29.9,537.0,3.0,9.5,19.7
浦和,総合ランクオッズ別,D,30.0～49.9,544.0,2.2,7.0,15.8
浦和,総合ランクオッズ別,D,50.0～99.9,428.0,0.9,4.4,10.7
浦和,総合ランクオッズ別,D,100.0～1000.0,255.0,0.8,2.4,3.1
浦和,総合ランクオッズ別,E,1.0～1.4,0.0,0.0,0.0,0.0
浦和,総合ランクオッズ別,E,1.5～1.9,1.0,100.0,100.0,100.0
浦和,総合ランクオッズ別,E,2.0～2.9,8.0,12.5,37.5,50.0
浦和,総合ランクオッズ別,E,3.0～3.9,15.0,20.0,46.7,60.0
浦和,総合ランクオッズ別,E,4.0～4.9,59.0,20.3,45.8,50.8
浦和,総合ランクオッズ別,E,5.0～6.9,158.0,15.8,32.3,42.4
浦和,総合ランクオッズ別,E,7.0～9.9,270.0,11.1,24.4,40.0
浦和,総合ランクオッズ別,E,10.0～14.9,439.0,8.9,18.7,30.3
浦和,総合ランクオッズ別,E,15.0～19.9,343.0,6.1,14.3,24.5
浦和,総合ランクオッズ別,E,20.0～29.9,474.0,4.4,11.0,24.1
浦和,総合ランクオッズ別,E,30.0～49.9,659.0,1.5,5.6,13.1
浦和,総合ランクオッズ別,E,50.0～99.9,631.0,1.1,3.5,8.4
浦和,総合ランクオッズ別,E,100.0～1000.0,487.0,0.2,2.1,5.3
浦和,総合ランクオッズ別,F,1.0～1.4,0.0,0.0,0.0,0.0
浦和,総合ランクオッズ別,F,1.5～1.9,0.0,0.0,0.0,0.0
浦和,総合ランクオッズ別,F,2.0～2.9,3.0,33.3,66.7,66.7
浦和,総合ランクオッズ別,F,3.0～3.9,8.0,12.5,12.5,37.5
浦和,総合ランクオッズ別,F,4.0～4.9,13.0,7.7,23.1,30.8
浦和,総合ランクオッズ別,F,5.0～6.9,64.0,14.1,31.3,45.3
浦和,総合ランクオッズ別,F,7.0～9.9,127.0,9.4,23.6,43.3
浦和,総合ランクオッズ別,F,10.0～14.9,247.0,7.7,19.4,27.9
浦和,総合ランクオッズ別,F,15.0～19.9,269.0,4.1,11.2,23.0
浦和,総合ランクオッズ別,F,20.0～29.9,542.0,2.4,9.8,14.6
浦和,総合ランクオッズ別,F,30.0～49.9,843.0,2.3,6.8,12.2
浦和,総合ランクオッズ別,F,50.0～99.9,,1.0,3.5,7.1
浦和,総合ランクオッズ別,F,100.0～1000.0,,0.5,0.8,2.2
浦和,総合ランクオッズ別,G,1.0～1.4,0.0,0.0,0.0,0.0
浦和,総合ランクオッズ別,G,1.5～1.9,0.0,0.0,0.0,0.0
浦和,総合ランクオッズ別,G,2.0～2.9,0.0,0.0,0.0,0.0
浦和,総合ランクオッズ別,G,3.0～3.9,1.0,0.0,100.0,100.0
浦和,総合ランクオッズ別,G,4.0～4.9,1.0,0.0,0.0,0.0
浦和,総合ランクオッズ別,G,5.0～6.9,8.0,12.5,37.5,50.0
浦和,総合ランクオッズ別,G,7.0～9.9,12.0,0.0,25.0,41.7
浦和,総合ランクオッズ別,G,10.0～14.9,27.0,0.0,7.4,7.4
浦和,総合ランクオッズ別,G,15.0～19.9,34.0,2.9,8.8,14.7
浦和,総合ランクオッズ別,G,20.0～29.9,98.0,4.1,10.2,15.3
浦和,総合ランクオッズ別,G,30.0～49.9,150.0,2.7,4.7,11.3
浦和,総合ランクオッズ別,G,50.0～99.9,395.0,0.3,0.8,4.1
浦和,総合ランクオッズ別,G,100.0～1000.0,,0.3,0.5,1.4
園田,総合ランクオッズ別,SSS,1.0～1.4,,65.5%,82.3%,90.6%
園田,総合ランクオッズ別,SSS,1.5～1.9,,49.1%,67.7%,80.4%
園田,総合ランクオッズ別,SSS,2.0～2.9,,34.9%,57.0%,68.5%
園田,総合ランクオッズ別,SSS,3.0～,,27.5%,41.3%,57.5%
園田,総合ランクオッズ別,SS,1.0～1.9,,58.1%,77.5%,86.3%
園田,総合ランクオッズ別,SS,2.0～2.9,,32.0%,55.2%,66.9%
園田,総合ランクオッズ別,SS,3.0～,,17.9%,39.3%,53.2%
園田,総合ランクオッズ別,S,1.0～1.9,,54.3%,75.6%,85.6%
園田,総合ランクオッズ別,S,2.0～2.9,,32.8%,55.5%,71.9%
園田,総合ランクオッズ別,S,3.0～3.9,,25.2%,44.5%,57.7%
園田,総合ランクオッズ別,S,4.0～5.9,,11.8%,32.4%,53.8%
園田,総合ランクオッズ別,S,6.0～,,7.0%,17.8%,34.8%
園田,総合ランクオッズ別,AA,1.0～1.9,,53.8%,77.2%,88.4%
園田,総合ランクオッズ別,AA,2.0～2.9,,29.3%,54.1%,69.5%
園田,総合ランクオッズ別,AA,3.0～3.9,,24.2%,44.6%,57.2%
園田,総合ランクオッズ別,AA,4.0～4.9,,15.0%,31.4%,48.7%
園田,総合ランクオッズ別,AA,5.0～6.9,,14.9%,35.7%,50.6%
園田,総合ランクオッズ別,AA,7.0～,,10.3%,20.2%,32.1%
園田,総合ランクオッズ別,A,1.0～2.9,,41.2%,64.3%,77.1%
園田,総合ランクオッズ別,A,3.0～3.9,,21.9%,44.4%,59.7%
園田,総合ランクオッズ別,A,4.0～4.9,,17.0%,41.0%,59.3%
園田,総合ランクオッズ別,A,5.0～6.9,,10.1%,30.6%,45.7%
園田,総合ランクオッズ別,A,7.0～9.9,,9.8%,25.7%,39.7%
園田,総合ランクオッズ別,A,10.0～,,4.4%,14.6%,26.9%
園田,総合ランクオッズ別,B,1.0～2.9,,31.0%,57.4%,71.3%
園田,総合ランクオッズ別,B,3.0～3.9,,25.3%,47.9%,64.3%
園田,総合ランクオッズ別,B,4.0～4.9,,16.2%,38.1%,53.3%
園田,総合ランクオッズ別,B,5.0～6.9,,12.7%,32.4%,48.2%
園田,総合ランクオッズ別,B,7.0～9.9,,8.5%,21.9%,38.4%
園田,総合ランクオッズ別,B,10.0～14.9,,7.4%,20.5%,34.6%
園田,総合ランクオッズ別,B,15.0～19.9,,3.2%,13.4%,26.1%
園田,総合ランクオッズ別,B,20.0～29.9,,3.0%,10.6%,22.6%
園田,総合ランクオッズ別,B,30.0～49.9,,3.8%,9.2%,17.4%
園田,総合ランクオッズ別,B,50.0～99.9,,0.0%,2.3%,5.4%
園田,総合ランクオッズ別,B,100.0～,,0.0%,1.2%,1.2%
園田,総合ランクオッズ別,C,1.0～1.4,,100.0%,100.0%,100.0%
園田,総合ランクオッズ別,C,1.5～1.9,,9.1%,27.3%,54.5%
園田,総合ランクオッズ別,C,2.0～2.9,,31.0%,44.8%,60.9%
園田,総合ランクオッズ別,C,3.0～3.9,,19.1%,43.9%,60.0%
園田,総合ランクオッズ別,C,4.0～4.9,,17.9%,40.2%,51.6%
園田,総合ランクオッズ別,C,5.0～6.9,,10.9%,28.2%,47.3%
園田,総合ランクオッズ別,C,7.0～9.9,,9.6%,25.4%,41.3%
園田,総合ランクオッズ別,C,10.0～14.9,,6.4%,18.8%,36.2%
園田,総合ランクオッズ別,C,15.0～19.9,,5.5%,14.1%,26.7%
園田,総合ランクオッズ別,C,20.0～29.9,,2.1%,11.1%,22.5%
園田,総合ランクオッズ別,C,30.0～49.9,,2.2%,6.6%,16.9%
園田,総合ランクオッズ別,C,50.0～99.9,,1.8%,8.0%,15.2%
園田,総合ランクオッズ別,C,100.0～,,0.0%,1.9%,3.2%
園田,総合ランクオッズ別,D,1.0～1.4,,100.0%,100.0%,100.0%
園田,総合ランクオッズ別,D,1.5～1.9,,0.0%,100.0%,100.0%
園田,総合ランクオッズ別,D,2.0～2.9,,28.1%,38.6%,56.1%
園田,総合ランクオッズ別,D,3.0～3.9,,24.4%,48.9%,67.2%
園田,総合ランクオッズ別,D,4.0～4.9,,12.3%,35.5%,54.0%
園田,総合ランクオッズ別,D,5.0～6.9,,14.1%,29.8%,47.8%
園田,総合ランクオッズ別,D,7.0～9.9,,10.7%,24.7%,39.6%
園田,総合ランクオッズ別,D,10.0～14.9,,6.7%,17.2%,32.1%
園田,総合ランクオッズ別,D,15.0～19.9,,5.7%,15.3%,29.8%
園田,総合ランクオッズ別,D,20.0～29.9,,3.2%,9.8%,21.6%
園田,総合ランクオッズ別,D,30.0～49.9,,2.2%,8.4%,17.0%
園田,総合ランクオッズ別,D,50.0～99.9,,0.7%,4.1%,10.6%
園田,総合ランクオッズ別,D,100.0～,,0.2%,1.9%,3.4%
園田,総合ランクオッズ別,E,2.0～2.9,,25.0%,50.0%,75.0%
園田,総合ランクオッズ別,E,3.0～3.9,,16.7%,22.2%,38.9%
園田,総合ランクオッズ別,E,4.0～4.9,,20.0%,42.0%,54.0%
園田,総合ランクオッズ別,E,5.0～6.9,,15.4%,34.6%,49.4%
園田,総合ランクオッズ別,E,7.0～9.9,,10.8%,23.2%,38.0%
園田,総合ランクオッズ別,E,10.0～14.9,,6.0%,17.3%,29.2%
園田,総合ランクオッズ別,E,15.0～19.9,,6.6%,15.1%,27.2%
園田,総合ランクオッズ別,E,20.0～29.9,,3.1%,9.6%,21.4%
園田,総合ランクオッズ別,E,30.0～49.9,,2.1%,6.8%,16.2%
園田,総合ランクオッズ別,E,50.0～99.9,,1.2%,4.3%,10.6%
園田,総合ランクオッズ別,E,100.0～,,0.3%,1.7%,4.0%
園田,総合ランクオッズ別,F,3.0～3.9,,16.7%,50.0%,83.3%
園田,総合ランクオッズ別,F,4.0～4.9,,0.0%,0.0%,25.0%
園田,総合ランクオッズ別,F,5.0～6.9,,5.4%,19.6%,44.6%
園田,総合ランクオッズ別,F,7.0～9.9,,9.1%,23.6%,36.4%
園田,総合ランクオッズ別,F,10.0～14.9,,6.8%,16.8%,29.6%
園田,総合ランクオッズ別,F,15.0～19.9,,4.4%,11.9%,21.1%
園田,総合ランクオッズ別,F,20.0～29.9,,3.3%,8.9%,18.9%
園田,総合ランクオッズ別,F,30.0～49.9,,1.8%,5.7%,12.4%
園田,総合ランクオッズ別,F,50.0～99.9,,0.7%,3.9%,8.5%
園田,総合ランクオッズ別,F,100.0～,,0.3%,1.3%,3.1%
園田,総合ランクオッズ別,G,4.0～4.9,,50.0%,50.0%,50.0%
園田,総合ランクオッズ別,G,5.0～6.9,,0.0%,20.0%,40.0%
園田,総合ランクオッズ別,G,7.0～9.9,,13.3%,13.3%,13.3%
園田,総合ランクオッズ別,G,10.0～14.9,,6.1%,18.2%,24.2%
園田,総合ランクオッズ別,G,15.0～19.9,,2.2%,8.9%,13.3%
園田,総合ランクオッズ別,G,20.0～29.9,,3.6%,9.8%,15.2%
園田,総合ランクオッズ別,G,30.0～49.9,,0.7%,4.8%,9.2%
園田,総合ランクオッズ別,G,50.0～99.9,,0.6%,2.0%,5.4%
園田,総合ランクオッズ別,G,100.0～,,0.2%,0.6%,1.9%
門別,総合ランクオッズ別,SSS,1.0～1.4,,75.0%,87.8%,91.9%
門別,総合ランクオッズ別,SSS,1.5～1.9,,48.0%,69.1%,84.6%
門別,総合ランクオッズ別,SSS,2.0～2.9,,38.6%,65.3%,76.2%
門別,総合ランクオッズ別,SSS,3.0～,,16.7%,38.9%,61.1%
門別,総合ランクオッズ別,SS,1.0～1.9,,61.4%,80.6%,87.0%
門別,総合ランクオッズ別,SS,2.0～2.9,,30.9%,54.2%,72.7%
門別,総合ランクオッズ別,SS,3.0～,,19.5%,44.3%,61.4%
門別,総合ランクオッズ別,S,1.0～1.9,,58.2%,76.4%,85.7%
門別,総合ランクオッズ別,S,2.0～2.9,,37.2%,61.4%,77.8%
門別,総合ランクオッズ別,S,3.0～3.9,,20.2%,40.4%,57.9%
門別,総合ランクオッズ別,S,4.0～5.9,,17.9%,40.7%,54.9%
門別,総合ランクオッズ別,S,6.0～,,7.2%,24.6%,36.2%
門別,総合ランクオッズ別,AA,1.0～1.9,,49.1%,66.3%,79.9%
門別,総合ランクオッズ別,AA,2.0～2.9,,33.2%,57.1%,71.6%
門別,総合ランクオッズ別,AA,3.0～3.9,,24.7%,45.6%,63.3%
門別,総合ランクオッズ別,AA,4.0～4.9,,12.6%,38.9%,53.3%
門別,総合ランクオッズ別,AA,5.0～6.9,,17.2%,40.3%,58.1%
門別,総合ランクオッズ別,AA,7.0～,,10.9%,28.5%,44.8%
門別,総合ランクオッズ別,A,1.0～2.9,,35.2%,57.9%,72.2%
門別,総合ランクオッズ別,A,3.0～3.9,,20.6%,46.7%,63.0%
門別,総合ランクオッズ別,A,4.0～4.9,,13.9%,35.7%,56.4%
門別,総合ランクオッズ別,A,5.0～6.9,,11.8%,34.4%,54.1%
門別,総合ランクオッズ別,A,7.0～9.9,,7.8%,30.0%,50.2%
門別,総合ランクオッズ別,A,10.0～,,5.5%,19.1%,34.2%
門別,総合ランクオッズ別,B,1.0～2.9,,30.2%,47.6%,68.3%
門別,総合ランクオッズ別,B,3.0～3.9,,23.3%,40.3%,61.0%
門別,総合ランクオッズ別,B,4.0～4.9,,24.2%,42.2%,64.0%
門別,総合ランクオッズ別,B,5.0～6.9,,14.1%,33.2%,50.4%
門別,総合ランクオッズ別,B,7.0～9.9,,11.8%,30.2%,45.4%
門別,総合ランクオッズ別,B,10.0～14.9,,9.0%,22.3%,42.2%
門別,総合ランクオッズ別,B,15.0～19.9,,4.4%,17.5%,34.3%
門別,総合ランクオッズ別,B,20.0～29.9,,2.0%,9.9%,22.8%
門別,総合ランクオッズ別,B,30.0～49.9,,1.3%,8.8%,23.8%
門別,総合ランクオッズ別,B,50.0～99.9,,0.0%,6.5%,13.0%
門別,総合ランクオッズ別,B,100.0～,,4.8%,4.8%,4.8%
門別,総合ランクオッズ別,C,1.5～1.9,,33.3%,33.3%,66.7%
門別,総合ランクオッズ別,C,2.0～2.9,,28.6%,61.2%,79.6%
門別,総合ランクオッズ別,C,3.0～3.9,,21.0%,42.0%,55.6%
門別,総合ランクオッズ別,C,4.0～4.9,,15.1%,34.4%,52.7%
門別,総合ランクオッズ別,C,5.0～6.9,,11.6%,24.6%,42.0%
門別,総合ランクオッズ別,C,7.0～9.9,,8.5%,22.2%,41.3%
門別,総合ランクオッズ別,C,10.0～14.9,,6.3%,16.4%,32.7%
門別,総合ランクオッズ別,C,15.0～19.9,,3.6%,16.7%,32.1%
門別,総合ランクオッズ別,C,20.0～29.9,,3.1%,13.3%,31.1%
門別,総合ランクオッズ別,C,30.0～49.9,,1.2%,4.2%,20.0%
門別,総合ランクオッズ別,C,50.0～99.9,,1.0%,7.8%,14.6%
門別,総合ランクオッズ別,C,100.0～,,1.7%,1.7%,1.7%
門別,総合ランクオッズ別,D,1.0～1.4,,100.0%,100.0%,100.0%
門別,総合ランクオッズ別,D,1.5～1.9,,42.9%,57.1%,85.7%
門別,総合ランクオッズ別,D,2.0～2.9,,39.3%,53.6%,57.1%
門別,総合ランクオッズ別,D,3.0～3.9,,9.5%,29.7%,43.2%
門別,総合ランクオッズ別,D,4.0～4.9,,11.8%,33.1%,49.6%
門別,総合ランクオッズ別,D,5.0～6.9,,13.4%,30.6%,42.5%
門別,総合ランクオッズ別,D,7.0～9.9,,7.7%,18.8%,32.4%
門別,総合ランクオッズ別,D,10.0～14.9,,4.5%,19.3%,34.0%
門別,総合ランクオッズ別,D,15.0～19.9,,3.1%,10.9%,22.8%
門別,総合ランクオッズ別,D,20.0～29.9,,3.9%,11.3%,23.3%
門別,総合ランクオッズ別,D,30.0～49.9,,2.6%,6.7%,15.8%
門別,総合ランクオッズ別,D,50.0～99.9,,1.6%,4.2%,11.2%
門別,総合ランクオッズ別,D,100.0～,,0.3%,1.0%,2.7%
門別,総合ランクオッズ別,E,1.5～1.9,,0.0%,0.0%,100.0%
門別,総合ランクオッズ別,E,2.0～2.9,,0.0%,25.0%,50.0%
門別,総合ランクオッズ別,E,3.0～3.9,,26.3%,42.1%,63.2%
門別,総合ランクオッズ別,E,4.0～4.9,,3.6%,32.1%,50.0%
門別,総合ランクオッズ別,E,5.0～6.9,,11.7%,24.3%,42.7%
門別,総合ランクオッズ別,E,7.0～9.9,,6.3%,19.7%,35.9%
門別,総合ランクオッズ別,E,10.0～14.9,,7.6%,17.8%,31.4%
門別,総合ランクオッズ別,E,15.0～19.9,,5.0%,11.4%,20.5%
門別,総合ランクオッズ別,E,20.0～29.9,,3.4%,8.6%,18.9%
門別,総合ランクオッズ別,E,30.0～49.9,,1.9%,5.5%,15.0%
門別,総合ランクオッズ別,E,50.0～99.9,,0.9%,3.1%,9.5%
門別,総合ランクオッズ別,E,100.0～,,0.2%,1.4%,3.0%
門別,総合ランクオッズ別,F,2.0～2.9,,50.0%,50.0%,50.0%
門別,総合ランクオッズ別,F,3.0～3.9,,25.0%,75.0%,75.0%
門別,総合ランクオッズ別,F,4.0～4.9,,10.5%,31.6%,42.1%
門別,総合ランクオッズ別,F,5.0～6.9,,16.7%,28.6%,42.9%
門別,総合ランクオッズ別,F,7.0～9.9,,7.3%,9.8%,23.2%
門別,総合ランクオッズ別,F,10.0～14.9,,8.8%,14.9%,23.0%
門別,総合ランクオッズ別,F,15.0～19.9,,6.8%,15.4%,25.9%
門別,総合ランクオッズ別,F,20.0～29.9,,1.5%,8.0%,15.7%
門別,総合ランクオッズ別,F,30.0～49.9,,2.7%,6.8%,11.1%
門別,総合ランクオッズ別,F,50.0～99.9,,0.8%,3.0%,8.4%
門別,総合ランクオッズ別,F,100.0～,,0.4%,1.3%,3.6%
門別,総合ランクオッズ別,G,2.0～2.9,,0.0%,0.0%,0.0%
門別,総合ランクオッズ別,G,3.0～3.9,,0.0%,0.0%,0.0%
門別,総合ランクオッズ別,G,4.0～4.9,,0.0%,33.3%,66.7%
門別,総合ランクオッズ別,G,5.0～6.9,,7.1%,14.3%,14.3%
門別,総合ランクオッズ別,G,7.0～9.9,,18.2%,31.8%,40.9%
門別,総合ランクオッズ別,G,10.0～14.9,,0.0%,16.7%,16.7%
門別,総合ランクオッズ別,G,15.0～19.9,,3.9%,9.8%,13.7%
門別,総合ランクオッズ別,G,20.0～29.9,,3.6%,6.4%,9.1%
門別,総合ランクオッズ別,G,30.0～49.9,,1.5%,5.0%,9.0%
門別,総合ランクオッズ別,G,50.0～99.9,,0.6%,2.9%,5.6%
門別,総合ランクオッズ別,G,100.0～,,0.1%,0.5%,1.1%
高知,総合ランクオッズ別,SS,1.0～,,27.80%,47.20%,61.10%
高知,総合ランクオッズ別,SS,1.0～4.9,,26.40%,41.50%,52.80%
高知,総合ランクオッズ別,S,1.0～4.9,,28.30%,43.50%,63.00%
高知,総合ランクオッズ別,S,5.0～,,12.50%,23.40%,34.40%
高知,総合ランクオッズ別,AA,1.0～4.9,,15.30%,28.20%,42.40%
高知,総合ランクオッズ別,AA,5.0～6.9,,10.40%,32.50%,39.00%
高知,総合ランクオッズ別,AA,7.0～,,3.90%,7.80%,19.60%
高知,総合ランクオッズ別,A,1.0～4.9,,28.20%,43.60%,53.80%
高知,総合ランクオッズ別,A,5.0～6.9,,8.20%,26.00%,39.70%
高知,総合ランクオッズ別,A,7.0～,,5.30%,18.10%,23.40%
高知,総合ランクオッズ別,B,1.0～4.9,,24.20%,36.40%,45.50%
高知,総合ランクオッズ別,B,5.0～6.9,,7.80%,21.10%,34.40%
高知,総合ランクオッズ別,B,7.0～9.9,,14.30%,24.20%,29.70%
高知,総合ランクオッズ別,B,10.0～14.9,,4.30%,10.90%,15.20%
高知,総合ランクオッズ別,B,15.0～,,7.90%,13.20%,21.10%
高知,総合ランクオッズ別,C,4.0～4.9,,5.30%,15.80%,31.60%
高知,総合ランクオッズ別,C,5.0～6.9,,19.20%,30.80%,38.50%
高知,総合ランクオッズ別,C,7.0～9.9,,9.80%,18.00%,29.50%
高知,総合ランクオッズ別,C,10.0～14.9,,6.50%,19.60%,30.40%
高知,総合ランクオッズ別,C,15.0～19.9,,5.30%,5.30%,15.80%
高知,総合ランクオッズ別,C,20.0～,,4.30%,13.00%,26.10%
高知,総合ランクオッズ別,D,1.0～6.9,,10.30%,23.40%,36.40%
高知,総合ランクオッズ別,D,7.0～9.9,,10.60%,24.80%,33.30%
高知,総合ランクオッズ別,D,10.0～19.9,,6.30%,12.00%,22.50%
高知,総合ランクオッズ別,D,20.0～,,4.10%,11.00%,17.80%
高知,総合ランクオッズ別,E,1.0～6.9,,10.00%,18.30%,25.00%
高知,総合ランクオッズ別,E,7.0～9.9,,9.00%,17.00%,26.00%
高知,総合ランクオッズ別,E,10.0～14.9,,7.80%,14.70%,22.50%
高知,総合ランクオッズ別,E,15.0～19.9,,2.40%,7.10%,16.50%
高知,総合ランクオッズ別,E,20.0～29.9,,1.10%,8.00%,14.90%
高知,総合ランクオッズ別,E,30.0～,,5.50%,5.50%,15.10%
高知,総合ランクオッズ別,F,1.0～6.9,,17.10%,26.80%,31.70%
高知,総合ランクオッズ別,F,7.0～9.9,,8.40%,15.80%,22.10%
高知,総合ランクオッズ別,F,10.0～14.9,,8.40%,15.50%,23.90%
高知,総合ランクオッズ別,F,15.0～19.9,,7.10%,14.20%,16.80%
高知,総合ランクオッズ別,F,20.0～29.9,,3.40%,7.40%,13.40%
高知,総合ランクオッズ別,F,30.0～49.9,,2.70%,6.40%,14.50%
高知,総合ランクオッズ別,F,50.0～,,4.30%,8.70%,13.00%
高知,総合ランクオッズ別,G,1.0～9.9,,16.20%,21.60%,29.70%
高知,総合ランクオッズ別,G,10.0～14.9,,7.50%,9.40%,18.90%
高知,総合ランクオッズ別,G,15.0～19.9,,5.00%,15.00%,22.50%
高知,総合ランクオッズ別,G,20.0～29.9,,1.90%,7.50%,9.40%
高知,総合ランクオッズ別,G,30.0～49.9,,2.00%,5.00%,10.00%
高知,総合ランクオッズ別,G,50.0～,,0.00%,0.00%,1.50%
大井,総合ランクオッズ別,SSS,1.0～1.4,,71.2%,79.1%,86.3%
大井,総合ランクオッズ別,SSS,1.5～1.9,,48.6%,63.7%,78.8%
大井,総合ランクオッズ別,SSS,2.0～2.9,,37.6%,57.9%,68.4%
大井,総合ランクオッズ別,SSS,3.0～,,22.7%,40.9%,53.0%
大井,総合ランクオッズ別,SS,1.0～1.9,,56.0%,76.0%,88.0%
大井,総合ランクオッズ別,SS,2.0～2.9,,21.1%,47.4%,57.9%
大井,総合ランクオッズ別,SS,3.0～,,7.7%,15.4%,38.5%
大井,総合ランクオッズ別,S,1.0～1.4,,62.9%,81.7%,88.3%
大井,総合ランクオッズ別,S,1.5～1.9,,49.2%,72.2%,82.2%
大井,総合ランクオッズ別,S,2.0～2.9,,28.6%,49.7%,62.8%
大井,総合ランクオッズ別,S,3.0～3.9,,23.1%,46.9%,60.9%
大井,総合ランクオッズ別,S,4.0～4.9,,20.7%,39.3%,52.4%
大井,総合ランクオッズ別,S,5.0～6.9,,14.3%,28.6%,42.9%
大井,総合ランクオッズ別,S,7.0～,,0.0%,11.5%,23.0%
大井,総合ランクオッズ別,AA,1.0～1.4,,72.8%,86.4%,92.6%
大井,総合ランクオッズ別,AA,1.5～1.9,,49.0%,68.4%,79.4%
大井,総合ランクオッズ別,AA,2.0～2.9,,35.0%,54.9%,67.9%
大井,総合ランクオッズ別,AA,3.0～3.9,,23.1%,44.1%,54.8%
大井,総合ランクオッズ別,AA,4.0～4.9,,17.1%,37.8%,47.0%
大井,総合ランクオッズ別,AA,5.0～6.9,,10.8%,29.7%,39.2%
大井,総合ランクオッズ別,AA,7.0～,,5.7%,17.0%,26.4%
大井,総合ランクオッズ別,A,1.0～1.9,,53.4%,74.5%,83.7%
大井,総合ランクオッズ別,A,2.0～2.9,,33.1%,56.2%,71.4%
大井,総合ランクオッズ別,A,3.0～3.9,,25.3%,47.7%,61.5%
大井,総合ランクオッズ別,A,4.0～4.9,,19.3%,35.0%,52.4%
大井,総合ランクオッズ別,A,5.0～6.9,,14.9%,35.1%,52.2%
大井,総合ランクオッズ別,A,7.0～9.9,,8.4%,23.4%,41.8%
大井,総合ランクオッズ別,A,10.0～,,5.4%,13.2%,24.7%
大井,総合ランクオッズ別,B,1.0～2.9,,37.5%,59.0%,73.0%
大井,総合ランクオッズ別,B,3.0～3.9,,27.0%,47.9%,60.3%
大井,総合ランクオッズ別,B,4.0～4.9,,18.6%,34.9%,52.0%
大井,総合ランクオッズ別,B,5.0～6.9,,12.7%,27.3%,42.2%
大井,総合ランクオッズ別,B,7.0～9.9,,10.3%,23.5%,38.2%
大井,総合ランクオッズ別,B,10.0～14.9,,6.1%,15.1%,26.7%
大井,総合ランクオッズ別,B,20.0～39.9,,2.8%,9.6%,18.8%
大井,総合ランクオッズ別,B,40.0～,,2.3%,5.5%,10.9%
大井,総合ランクオッズ別,C,1.0～2.9,,24.1%,49.0%,64.8%
大井,総合ランクオッズ別,C,3.0～3.9,,23.4%,44.2%,60.6%
大井,総合ランクオッズ別,C,4.0～4.9,,13.6%,32.9%,47.9%
大井,総合ランクオッズ別,C,5.0～7.9,,12.2%,28.4%,42.6%
大井,総合ランクオッズ別,C,8.0～10.9,,8.3%,21.7%,35.1%
大井,総合ランクオッズ別,C,11.0～14.9,,6.4%,15.5%,26.3%
大井,総合ランクオッズ別,C,15.0～24.9,,2.9%,11.0%,23.2%
大井,総合ランクオッズ別,C,25.0～39.9,,1.8%,6.7%,14.9%
大井,総合ランクオッズ別,C,40.0～,,1.6%,4.3%,10.4%
大井,総合ランクオッズ別,D,1.0～3.9,,27.4%,47.0%,60.9%
大井,総合ランクオッズ別,D,4.0～4.9,,16.4%,33.1%,48.8%
大井,総合ランクオッズ別,D,5.0～6.9,,13.2%,28.0%,40.4%
大井,総合ランクオッズ別,D,7.0～9.9,,8.6%,20.2%,33.6%
大井,総合ランクオッズ別,D,10.0～14.9,,7.1%,17.9%,28.7%
大井,総合ランクオッズ別,D,15.0～19.9,,4.2%,11.8%,20.7%
大井,総合ランクオッズ別,D,20.0～29.9,,3.8%,11.9%,20.8%
大井,総合ランクオッズ別,D,30.0～49.9,,2.3%,6.1%,12.9%
大井,総合ランクオッズ別,D,50.0～,,0.8%,2.6%,6.6%
大井,総合ランクオッズ別,E,1.0～6.9,,14.0%,29.8%,42.4%
大井,総合ランクオッズ別,E,7.0～9.9,,8.2%,16.6%,28.1%
大井,総合ランクオッズ別,E,10.0～14.9,,7.5%,15.7%,26.0%
大井,総合ランクオッズ別,E,15.0～19.9,,4.4%,12.2%,22.0%
大井,総合ランクオッズ別,E,20.0～29.9,,2.6%,9.2%,18.6%
大井,総合ランクオッズ別,E,30.0～49.9,,2.5%,7.5%,14.5%
大井,総合ランクオッズ別,E,50.0～99.9,,1.2%,3.5%,8.4%
大井,総合ランクオッズ別,E,100.0～,,0.5%,1.1%,3.1%
大井,総合ランクオッズ別,F,1.0～6.9,,17.4%,32.6%,45.7%
大井,総合ランクオッズ別,F,7.0～9.9,,12.1%,19.2%,27.5%
大井,総合ランクオッズ別,F,10.0～14.9,,5.8%,14.5%,23.0%
大井,総合ランクオッズ別,F,15.0～19.9,,4.6%,13.6%,22.6%
大井,総合ランクオッズ別,F,20.0～29.9,,2.6%,7.7%,16.0%
大井,総合ランクオッズ別,F,30.0～49.9,,1.7%,5.1%,11.5%
大井,総合ランクオッズ別,F,50.0～99.9,,0.9%,3.5%,7.8%
大井,総合ランクオッズ別,F,100.0～,,0.2%,1.0%,2.7%
大井,総合ランクオッズ別,G,1.0～9.9,,7.6%,25.3%,31.6%
大井,総合ランクオッズ別,G,10.0～19.9,,5.4%,11.2%,18.3%
大井,総合ランクオッズ別,G,20.0～34.9,,2.1%,6.2%,10.7%
大井,総合ランクオッズ別,G,35.0～49.9,,1.5%,5.2%,8.5%
大井,総合ランクオッズ別,G,50.0～99.9,,0.5%,2.5%,5.3%
大井,総合ランクオッズ別,G,100.0～,,0.2%,0.8%,1.7%
金沢,総合ランクオッズ別,SSS,1.0～1.4,,75.5%,88.0%,92.5%
金沢,総合ランクオッズ別,SSS,1.5～1.9,,51.6%,75.3%,83.7%
金沢,総合ランクオッズ別,SSS,2.0～2.9,,32.2%,54.1%,72.6%
金沢,総合ランクオッズ別,SSS,3.0～,,19.8%,43.6%,63.4%
金沢,総合ランクオッズ別,SS,1.0～1.9,,66.8%,80.8%,88.2%
金沢,総合ランクオッズ別,SS,2.0～2.9,,39.8%,66.9%,75.9%
金沢,総合ランクオッズ別,SS,3.0～,,22.2%,46.7%,64.4%
金沢,総合ランクオッズ別,S,1.0～1.9,,57.3%,78.5%,87.3%
金沢,総合ランクオッズ別,S,2.0～2.9,,34.5%,59.5%,73.6%
金沢,総合ランクオッズ別,S,3.0～3.9,,28.1%,48.1%,60.6%
金沢,総合ランクオッズ別,S,4.0～5.9,,19.1%,43.8%,59.0%
金沢,総合ランクオッズ別,S,6.0～,,6.2%,27.3%,41.0%
金沢,総合ランクオッズ別,AA,1.0～1.9,,47.0%,73.7%,85.6%
金沢,総合ランクオッズ別,AA,2.0～2.9,,33.8%,59.3%,72.5%
金沢,総合ランクオッズ別,AA,3.0～3.9,,22.4%,45.8%,60.8%
金沢,総合ランクオッズ別,AA,4.0～4.9,,19.2%,48.8%,65.5%
金沢,総合ランクオッズ別,AA,5.0～6.9,,13.0%,35.2%,52.9%
金沢,総合ランクオッズ別,AA,7.0～,,8.6%,28.3%,47.8%
金沢,総合ランクオッズ別,A,1.0～2.9,,36.8%,63.7%,77.2%
金沢,総合ランクオッズ別,A,3.0～3.9,,24.4%,48.7%,62.2%
金沢,総合ランクオッズ別,A,4.0～4.9,,18.9%,51.4%,65.8%
金沢,総合ランクオッズ別,A,5.0～6.9,,17.7%,39.2%,60.8%
金沢,総合ランクオッズ別,A,7.0～9.9,,8.9%,29.2%,48.4%
金沢,総合ランクオッズ別,A,10.0～,,5.0%,16.7%,33.7%
金沢,総合ランクオッズ別,B,1.0～2.9,,31.3%,50.8%,68.2%
金沢,総合ランクオッズ別,B,3.0～3.9,,16.2%,37.0%,56.1%
金沢,総合ランクオッズ別,B,4.0～4.9,,19.9%,37.8%,58.2%
金沢,総合ランクオッズ別,B,5.0～6.9,,9.9%,25.3%,47.2%
金沢,総合ランクオッズ別,B,7.0～9.9,,6.5%,22.0%,41.7%
金沢,総合ランクオッズ別,B,10.0～14.9,,6.5%,20.9%,39.5%
金沢,総合ランクオッズ別,B,15.0～19.9,,4.0%,13.4%,30.3%
金沢,総合ランクオッズ別,B,20.0～29.9,,3.3%,12.6%,27.6%
金沢,総合ランクオッズ別,B,30.0～49.9,,1.3%,12.1%,28.7%
金沢,総合ランクオッズ別,B,50.0～99.9,,2.6%,6.1%,15.7%
金沢,総合ランクオッズ別,B,100.0～,,3.4%,3.4%,6.9%
金沢,総合ランクオッズ別,C,1.0～1.4,,66.7%,83.3%,83.3%
金沢,総合ランクオッズ別,C,1.5～1.9,,31.6%,68.4%,78.9%
金沢,総合ランクオッズ別,C,2.0～2.9,,31.3%,64.6%,75.0%
金沢,総合ランクオッズ別,C,3.0～3.9,,22.6%,41.7%,54.8%
金沢,総合ランクオッズ別,C,4.0～4.9,,17.8%,34.6%,49.5%
金沢,総合ランクオッズ別,C,5.0～6.9,,9.6%,30.8%,49.0%
金沢,総合ランクオッズ別,C,7.0～9.9,,9.4%,24.5%,36.3%
金沢,総合ランクオッズ別,C,10.0～14.9,,7.5%,25.4%,41.0%
金沢,総合ランクオッズ別,C,15.0～19.9,,4.2%,13.1%,32.7%
金沢,総合ランクオッズ別,C,20.0～29.9,,2.5%,9.7%,25.6%
金沢,総合ランクオッズ別,C,30.0～49.9,,2.3%,11.1%,23.4%
金沢,総合ランクオッズ別,C,50.0～99.9,,0.9%,7.0%,15.0%
金沢,総合ランクオッズ別,C,100.0～,,0.0%,1.3%,8.9%
金沢,総合ランクオッズ別,D,1.0～1.4,,77.8%,88.9%,88.9%
金沢,総合ランクオッズ別,D,1.5～1.9,,40.0%,60.0%,65.0%
金沢,総合ランクオッズ別,D,2.0～2.9,,22.5%,40.8%,52.1%
金沢,総合ランクオッズ別,D,3.0～3.9,,18.8%,47.5%,60.0%
金沢,総合ランクオッズ別,D,4.0～4.9,,13.4%,34.6%,48.0%
金沢,総合ランクオッズ別,D,5.0～6.9,,12.3%,29.1%,43.6%
金沢,総合ランクオッズ別,D,7.0～9.9,,8.3%,21.1%,40.3%
金沢,総合ランクオッズ別,D,10.0～14.9,,4.8%,16.2%,30.3%
金沢,総合ランクオッズ別,D,15.0～19.9,,3.6%,10.9%,29.6%
金沢,総合ランクオッズ別,D,20.0～29.9,,2.7%,11.7%,25.7%
金沢,総合ランクオッズ別,D,30.0～49.9,,1.7%,7.7%,16.7%
金沢,総合ランクオッズ別,D,50.0～99.9,,0.9%,5.7%,13.8%
金沢,総合ランクオッズ別,D,100.0～,,0.8%,2.2%,5.8%
金沢,総合ランクオッズ別,E,1.0～1.4,,66.7%,66.7%,66.7%
金沢,総合ランクオッズ別,E,1.5～1.9,,45.5%,45.5%,54.5%
金沢,総合ランクオッズ別,E,2.0～2.9,,29.6%,51.9%,63.0%
金沢,総合ランクオッズ別,E,3.0～3.9,,15.2%,30.3%,48.5%
金沢,総合ランクオッズ別,E,4.0～4.9,,17.4%,37.0%,45.7%
金沢,総合ランクオッズ別,E,5.0～6.9,,6.4%,17.4%,37.6%
金沢,総合ランクオッズ別,E,7.0～9.9,,5.6%,16.2%,35.2%
金沢,総合ランクオッズ別,E,10.0～14.9,,5.5%,15.2%,32.0%
金沢,総合ランクオッズ別,E,15.0～19.9,,4.0%,13.0%,20.6%
金沢,総合ランクオッズ別,E,20.0～29.9,,3.0%,11.0%,22.9%
金沢,総合ランクオッズ別,E,30.0～49.9,,1.8%,6.9%,15.8%
金沢,総合ランクオッズ別,E,50.0～99.9,,0.6%,3.2%,10.3%
金沢,総合ランクオッズ別,E,100.0～,,0.4%,1.4%,5.7%
金沢,総合ランクオッズ別,F,1.0～1.4,,0.0%,0.0%,0.0%
金沢,総合ランクオッズ別,F,1.5～1.9,,0.0%,0.0%,50.0%
金沢,総合ランクオッズ別,F,2.0～2.9,,10.0%,30.0%,40.0%
金沢,総合ランクオッズ別,F,3.0～3.9,,16.7%,29.2%,41.7%
金沢,総合ランクオッズ別,F,4.0～4.9,,20.7%,37.9%,62.1%
金沢,総合ランクオッズ別,F,5.0～6.9,,14.5%,38.2%,45.5%
金沢,総合ランクオッズ別,F,7.0～9.9,,8.9%,23.8%,35.6%
金沢,総合ランクオッズ別,F,10.0～14.9,,7.3%,14.7%,27.3%
金沢,総合ランクオッズ別,F,15.0～19.9,,4.1%,11.8%,19.5%
金沢,総合ランクオッズ別,F,20.0～29.9,,3.8%,9.7%,17.6%
金沢,総合ランクオッズ別,F,30.0～49.9,,3.1%,8.1%,16.1%
金沢,総合ランクオッズ別,F,50.0～99.9,,0.8%,2.9%,7.5%
金沢,総合ランクオッズ別,F,100.0～,,0.5%,1.4%,3.5%
金沢,総合ランクオッズ別,G,1.0～1.4,,0.0%,0.0%,0.0%
金沢,総合ランクオッズ別,G,1.5～1.9,,0.0%,0.0%,0.0%
金沢,総合ランクオッズ別,G,2.0～2.9,,100.0%,100.0%,100.0%
金沢,総合ランクオッズ別,G,3.0～3.9,,0.0%,20.0%,60.0%
金沢,総合ランクオッズ別,G,4.0～4.9,,0.0%,66.7%,66.7%
金沢,総合ランクオッズ別,G,5.0～6.9,,9.1%,22.7%,50.0%
金沢,総合ランクオッズ別,G,7.0～9.9,,0.0%,4.8%,14.3%
金沢,総合ランクオッズ別,G,10.0～14.9,,5.1%,17.9%,28.2%
金沢,総合ランクオッズ別,G,15.0～19.9,,5.9%,11.8%,23.5%
金沢,総合ランクオッズ別,G,20.0～29.9,,2.5%,8.6%,12.3%
金沢,総合ランクオッズ別,G,30.0～49.9,,0.0%,5.1%,11.4%
金沢,総合ランクオッズ別,G,50.0～99.9,,0.6%,2.6%,6.9%
金沢,総合ランクオッズ別,G,100.0～,,0.3%,1.0%,2.2%
JRA,総合ランクオッズ別,SSS,1.0～1.4,,66.3%,84.3%,92.8%
JRA,総合ランクオッズ別,SSS,1.5～1.9,,50.3%,72.4%,85.5%
JRA,総合ランクオッズ別,SSS,2.0～2.9,,36.7%,58.4%,76.3%
JRA,総合ランクオッズ別,SSS,3.0～3.9,,36.4%,53.0%,69.7%
JRA,総合ランクオッズ別,SSS,4.0～4.9,,40.0%,60.0%,70.0%
JRA,総合ランクオッズ別,SSS,5.0～6.9,,100.0%,100.0%,100.0%
JRA,総合ランクオッズ別,SSS,7.0～9.9,,0.0%,0.0%,0.0%
JRA,総合ランクオッズ別,SSS,10.0～14.9,,0.0%,0.0%,0.0%
JRA,総合ランクオッズ別,SSS,15.0～19.9,,0.0%,0.0%,0.0%
JRA,総合ランクオッズ別,SSS,20.0～29.9,,0.0%,0.0%,0.0%
JRA,総合ランクオッズ別,SSS,30.0～49.9,,0.0%,0.0%,0.0%
JRA,総合ランクオッズ別,SSS,50.0～99.9,,0.0%,0.0%,0.0%
JRA,総合ランクオッズ別,SSS,100.0～,,0.0%,0.0%,0.0%
JRA,総合ランクオッズ別,SSS,合計,,50.8%,71.5%,84.6%
JRA,総合ランクオッズ別,SS,1.0～1.4,,62.9%,80.7%,88.0%
JRA,総合ランクオッズ別,SS,1.5～1.9,,48.0%,72.2%,82.2%
JRA,総合ランクオッズ別,SS,2.0～2.9,,36.7%,57.5%,72.2%
JRA,総合ランクオッズ別,SS,3.0～3.9,,31.7%,50.0%,66.0%
JRA,総合ランクオッズ別,SS,4.0～4.9,,21.8%,41.6%,59.4%
JRA,総合ランクオッズ別,SS,5.0～6.9,,12.0%,24.0%,44.0%
JRA,総合ランクオッズ別,SS,7.0～9.9,,0.0%,100.0%,100.0%
JRA,総合ランクオッズ別,SS,10.0～14.9,,0.0%,0.0%,0.0%
JRA,総合ランクオッズ別,SS,15.0～19.9,,0.0%,0.0%,0.0%
JRA,総合ランクオッズ別,SS,20.0～29.9,,0.0%,0.0%,0.0%
JRA,総合ランクオッズ別,SS,30.0～49.9,,0.0%,0.0%,0.0%
JRA,総合ランクオッズ別,SS,50.0～99.9,,0.0%,0.0%,0.0%
JRA,総合ランクオッズ別,SS,100.0～,,0.0%,0.0%,0.0%
JRA,総合ランクオッズ別,SS,合計,,42.3%,63.8%,76.4%
JRA,総合ランクオッズ別,S,1.0～1.4,,68.6%,84.9%,91.1%
JRA,総合ランクオッズ別,S,1.5～1.9,,45.1%,66.9%,78.1%
JRA,総合ランクオッズ別,S,2.0～2.9,,33.6%,55.0%,68.6%
JRA,総合ランクオッズ別,S,3.0～3.9,,25.8%,47.0%,62.7%
JRA,総合ランクオッズ別,S,4.0～4.9,,20.2%,39.2%,54.9%
JRA,総合ランクオッズ別,S,5.0～6.9,,16.5%,36.3%,52.5%
JRA,総合ランクオッズ別,S,7.0～9.9,,16.0%,32.0%,42.0%
JRA,総合ランクオッズ別,S,10.0～14.9,,11.1%,22.2%,44.4%
JRA,総合ランクオッズ別,S,15.0～19.9,,0.0%,0.0%,0.0%
JRA,総合ランクオッズ別,S,20.0～29.9,,0.0%,0.0%,0.0%
JRA,総合ランクオッズ別,S,30.0～49.9,,0.0%,0.0%,0.0%
JRA,総合ランクオッズ別,S,50.0～99.9,,0.0%,0.0%,0.0%
JRA,総合ランクオッズ別,S,100.0～,,0.0%,0.0%,0.0%
JRA,総合ランクオッズ別,S,合計,,34.8%,55.9%,69.3%
JRA,総合ランクオッズ別,AA,1.0～1.4,,62.1%,75.8%,84.8%
JRA,総合ランクオッズ別,AA,1.5～1.9,,45.3%,64.0%,75.6%
JRA,総合ランクオッズ別,AA,2.0～2.9,,32.5%,54.4%,68.5%
JRA,総合ランクオッズ別,AA,3.0～3.9,,25.2%,44.2%,59.7%
JRA,総合ランクオッズ別,AA,4.0～4.9,,20.0%,36.9%,51.8%
JRA,総合ランクオッズ別,AA,5.0～6.9,,14.4%,29.9%,47.3%
JRA,総合ランクオッズ別,AA,7.0～9.9,,10.5%,29.8%,49.7%
JRA,総合ランクオッズ別,AA,10.0～14.9,,9.5%,28.6%,49.2%
JRA,総合ランクオッズ別,AA,15.0～19.9,,0.0%,20.0%,33.3%
JRA,総合ランクオッズ別,AA,20.0～29.9,,0.0%,6.7%,33.3%
JRA,総合ランクオッズ別,AA,30.0～49.9,,0.0%,0.0%,0.0%
JRA,総合ランクオッズ別,AA,50.0～99.9,,0.0%,0.0%,20.0%
JRA,総合ランクオッズ別,AA,100.0～,,0.0%,0.0%,0.0%
JRA,総合ランクオッズ別,AA,合計,,27.4%,46.7%,61.6%
JRA,総合ランクオッズ別,A,1.0～1.4,,58.1%,82.3%,90.3%
JRA,総合ランクオッズ別,A,1.5～1.9,,42.6%,63.1%,75.7%
JRA,総合ランクオッズ別,A,2.0～2.9,,31.7%,51.6%,64.8%
JRA,総合ランクオッズ別,A,3.0～3.9,,23.9%,44.3%,59.0%
JRA,総合ランクオッズ別,A,4.0～4.9,,18.0%,35.9%,50.4%
JRA,総合ランクオッズ別,A,5.0～6.9,,14.8%,32.7%,46.9%
JRA,総合ランクオッズ別,A,7.0～9.9,,11.0%,24.4%,38.9%
JRA,総合ランクオッズ別,A,10.0～14.9,,7.2%,19.6%,34.4%
JRA,総合ランクオッズ別,A,15.0～19.9,,4.3%,17.1%,28.2%
JRA,総合ランクオッズ別,A,20.0～29.9,,1.9%,13.5%,17.3%
JRA,総合ランクオッズ別,A,30.0～49.9,,0.0%,14.3%,35.7%
JRA,総合ランクオッズ別,A,50.0～99.9,,0.0%,0.0%,0.0%
JRA,総合ランクオッズ別,A,100.0～,,0.0%,0.0%,0.0%
JRA,総合ランクオッズ別,A,合計,,22.1%,40.9%,55.1%
JRA,総合ランクオッズ別,B,1.0～1.4,,66.7%,100.0%,100.0%
JRA,総合ランクオッズ別,B,1.5～1.9,,45.3%,61.0%,72.7%
JRA,総合ランクオッズ別,B,2.0～2.9,,29.5%,48.6%,61.7%
JRA,総合ランクオッズ別,B,3.0～3.9,,22.1%,39.9%,53.2%
JRA,総合ランクオッズ別,B,4.0～4.9,,17.4%,34.0%,48.2%
JRA,総合ランクオッズ別,B,5.0～6.9,,13.5%,28.8%,42.9%
JRA,総合ランクオッズ別,B,7.0～9.9,,10.8%,24.0%,37.8%
JRA,総合ランクオッズ別,B,10.0～14.9,,7.9%,19.7%,32.1%
JRA,総合ランクオッズ別,B,15.0～19.9,,4.2%,11.7%,24.0%
JRA,総合ランクオッズ別,B,20.0～29.9,,4.7%,10.1%,19.3%
JRA,総合ランクオッズ別,B,30.0～49.9,,1.6%,4.8%,12.7%
JRA,総合ランクオッズ別,B,50.0～99.9,,0.0%,0.0%,0.0%
JRA,総合ランクオッズ別,B,100.0～,,0.0%,0.0%,0.0%
JRA,総合ランクオッズ別,B,合計,,15.6%,31.0%,44.6%
JRA,総合ランクオッズ別,C,1.0～1.4,,0.0%,0.0%,0.0%
JRA,総合ランクオッズ別,C,1.5～1.9,,42.9%,64.3%,71.4%
JRA,総合ランクオッズ別,C,2.0～2.9,,28.2%,46.8%,60.8%
JRA,総合ランクオッズ別,C,3.0～3.9,,21.0%,37.3%,49.7%
JRA,総合ランクオッズ別,C,4.0～4.9,,16.9%,33.4%,46.6%
JRA,総合ランクオッズ別,C,5.0～6.9,,13.1%,27.1%,40.3%
JRA,総合ランクオッズ別,C,7.0～9.9,,10.1%,22.2%,35.2%
JRA,総合ランクオッズ別,C,10.0～14.9,,7.0%,16.7%,28.5%
JRA,総合ランクオッズ別,C,15.0～19.9,,4.8%,13.4%,23.8%
JRA,総合ランクオッズ別,C,20.0～29.9,,3.6%,10.1%,20.7%
JRA,総合ランクオッズ別,C,30.0～49.9,,2.5%,6.5%,14.1%
JRA,総合ランクオッズ別,C,50.0～99.9,,1.2%,5.7%,13.5%
JRA,総合ランクオッズ別,C,100.0～,,0.0%,0.0%,0.0%
JRA,総合ランクオッズ別,C,合計,,10.5%,22.5%,34.8%
JRA,総合ランクオッズ別,D,1.0～1.4,,0.0%,0.0%,0.0%
JRA,総合ランクオッズ別,D,1.5～1.9,,0.0%,50.0%,50.0%
JRA,総合ランクオッズ別,D,2.0～2.9,,26.6%,36.7%,53.2%
JRA,総合ランクオッズ別,D,3.0～3.9,,19.0%,33.7%,46.1%
JRA,総合ランクオッズ別,D,4.0～4.9,,17.0%,31.1%,43.0%
JRA,総合ランクオッズ別,D,5.0～6.9,,12.5%,24.9%,36.5%
JRA,総合ランクオッズ別,D,7.0～9.9,,9.5%,20.3%,31.1%
JRA,総合ランクオッズ別,D,10.0～14.9,,6.8%,15.9%,26.2%
JRA,総合ランクオッズ別,D,15.0～19.9,,4.8%,12.1%,21.0%
JRA,総合ランクオッズ別,D,20.0～29.9,,3.2%,9.0%,17.0%
JRA,総合ランクオッズ別,D,30.0～49.9,,1.9%,6.0%,12.9%
JRA,総合ランクオッズ別,D,50.0～99.9,,1.2%,4.3%,8.8%
JRA,総合ランクオッズ別,D,100.0～,,0.2%,1.8%,5.1%
JRA,総合ランクオッズ別,D,合計,,6.7%,15.0%,24.4%
JRA,総合ランクオッズ別,E,1.0～1.4,,0.0%,0.0%,0.0%
JRA,総合ランクオッズ別,E,1.5～1.9,,0.0%,0.0%,0.0%
JRA,総合ランクオッズ別,E,2.0～2.9,,24.1%,38.9%,59.3%
JRA,総合ランクオッズ別,E,3.0～3.9,,23.3%,34.5%,46.6%
JRA,総合ランクオッズ別,E,4.0～4.9,,15.6%,27.7%,40.0%
JRA,総合ランクオッズ別,E,5.0～6.9,,13.4%,25.3%,35.1%
JRA,総合ランクオッズ別,E,7.0～9.9,,9.2%,19.0%,27.9%
JRA,総合ランクオッズ別,E,10.0～14.9,,6.7%,14.5%,23.8%
JRA,総合ランクオッズ別,E,15.0～19.9,,4.7%,11.4%,19.5%
JRA,総合ランクオッズ別,E,20.0～29.9,,3.4%,8.6%,15.3%
JRA,総合ランクオッズ別,E,30.0～49.9,,2.1%,6.1%,11.6%
JRA,総合ランクオッズ別,E,50.0～99.9,,1.2%,3.7%,7.5%
JRA,総合ランクオッズ別,E,100.0～,,0.4%,1.5%,4.1%
JRA,総合ランクオッズ別,E,合計,,4.0%,9.4%,16.0%
JRA,総合ランクオッズ別,F,1.0～1.4,,0.0%,0.0%,0.0%
JRA,総合ランクオッズ別,F,1.5～1.9,,0.0%,0.0%,0.0%
JRA,総合ランクオッズ別,F,2.0～2.9,,40.0%,52.0%,52.0%
JRA,総合ランクオッズ別,F,3.0～3.9,,26.3%,41.4%,51.5%
JRA,総合ランクオッズ別,F,4.0～4.9,,14.0%,22.6%,37.1%
JRA,総合ランクオッズ別,F,5.0～6.9,,11.7%,21.8%,30.4%
JRA,総合ランクオッズ別,F,7.0～9.9,,9.0%,16.6%,25.1%
JRA,総合ランクオッズ別,F,10.0～14.9,,6.4%,13.7%,20.8%
JRA,総合ランクオッズ別,F,15.0～19.9,,4.4%,10.2%,16.8%
JRA,総合ランクオッズ別,F,20.0～29.9,,3.3%,7.9%,13.5%
JRA,総合ランクオッズ別,F,30.0～49.9,,2.1%,5.4%,9.8%
JRA,総合ランクオッズ別,F,50.0～99.9,,1.1%,3.1%,6.2%
JRA,総合ランクオッズ別,F,100.0～,,0.3%,1.2%,2.6%
JRA,総合ランクオッズ別,F,合計,,1.9%,4.6%,8.1%
JRA,総合ランクオッズ別,G,1.0～1.4,,0.0%,0.0%,0.0%
JRA,総合ランクオッズ別,G,1.5～1.9,,0.0%,0.0%,0.0%
JRA,総合ランクオッズ別,G,2.0～2.9,,33.3%,44.4%,55.6%
JRA,総合ランクオッズ別,G,3.0～3.9,,20.0%,26.7%,53.3%
JRA,総合ランクオッズ別,G,4.0～4.9,,12.5%,25.0%,29.2%
JRA,総合ランクオッズ別,G,5.0～6.9,,10.6%,18.7%,28.5%
JRA,総合ランクオッズ別,G,7.0～9.9,,7.0%,15.8%,23.9%
JRA,総合ランクオッズ別,G,10.0～14.9,,5.8%,10.6%,14.6%
JRA,総合ランクオッズ別,G,15.0～19.9,,4.1%,8.4%,13.7%
JRA,総合ランクオッズ別,G,20.0～29.9,,2.8%,5.9%,10.3%
JRA,総合ランクオッズ別,G,30.0～49.9,,1.7%,4.3%,7.4%
JRA,総合ランクオッズ別,G,50.0～99.9,,0.9%,2.5%,4.6%
JRA,総合ランクオッズ別,G,100.0～,,0.2%,0.6%,1.3%
JRA,総合ランクオッズ別,G,合計,,0.7%,1.7%,3.1%
川崎,総合ランクオッズ別,SSS,1.0～1.4,,66.7%,81.3%,89.3%
川崎,総合ランクオッズ別,SSS,1.5～1.9,,47.4%,68.4%,77.6%
川崎,総合ランクオッズ別,SSS,2.0～2.9,,39.1%,60.9%,73.9%
川崎,総合ランクオッズ別,SSS,3.0～3.9,,25.0%,37.5%,75.0%
川崎,総合ランクオッズ別,SSS,4.0～4.9,,0.0%,0.0%,0.0%
川崎,総合ランクオッズ別,SSS,5.0～6.9,,0.0%,0.0%,0.0%
川崎,総合ランクオッズ別,SSS,7.0～9.9,,0.0%,0.0%,0.0%
川崎,総合ランクオッズ別,SSS,10.0～14.9,,0.0%,0.0%,0.0%
川崎,総合ランクオッズ別,SSS,15.0～19.9,,0.0%,0.0%,0.0%
川崎,総合ランクオッズ別,SSS,20.0～29.9,,0.0%,0.0%,0.0%
川崎,総合ランクオッズ別,SSS,30.0～49.9,,0.0%,0.0%,0.0%
川崎,総合ランクオッズ別,SSS,50.0～99.9,,0.0%,0.0%,0.0%
川崎,総合ランクオッズ別,SSS,100.0～,,0.0%,0.0%,0.0%
川崎,総合ランクオッズ別,SS,1.0～1.4,,55.6%,92.6%,96.3%
川崎,総合ランクオッズ別,SS,1.5～1.9,,40.0%,67.5%,80.0%
川崎,総合ランクオッズ別,SS,2.0～2.9,,36.6%,59.2%,76.1%
川崎,総合ランクオッズ別,SS,3.0～3.9,,27.3%,40.9%,59.1%
川崎,総合ランクオッズ別,SS,4.0～4.9,,18.2%,27.3%,45.5%
川崎,総合ランクオッズ別,SS,5.0～6.9,,0.0%,40.0%,60.0%
川崎,総合ランクオッズ別,SS,7.0～9.9,,0.0%,0.0%,0.0%
川崎,総合ランクオッズ別,SS,10.0～14.9,,0.0%,0.0%,0.0%
川崎,総合ランクオッズ別,SS,15.0～19.9,,0.0%,0.0%,0.0%
川崎,総合ランクオッズ別,SS,20.0～29.9,,0.0%,0.0%,0.0%
川崎,総合ランクオッズ別,SS,30.0～49.9,,0.0%,0.0%,0.0%
川崎,総合ランクオッズ別,SS,50.0～99.9,,0.0%,0.0%,0.0%
川崎,総合ランクオッズ別,SS,100.0～,,0.0%,0.0%,0.0%
川崎,総合ランクオッズ別,S,1.0～1.4,,72.3%,84.7%,91.5%
川崎,総合ランクオッズ別,S,1.5～1.9,,49.0%,69.7%,82.5%
川崎,総合ランクオッズ別,S,2.0～2.9,,34.1%,55.6%,67.1%
川崎,総合ランクオッズ別,S,3.0～3.9,,26.2%,45.9%,60.1%
川崎,総合ランクオッズ別,S,4.0～4.9,,16.5%,36.5%,47.1%
川崎,総合ランクオッズ別,S,5.0～6.9,,10.4%,20.9%,35.8%
川崎,総合ランクオッズ別,S,7.0～9.9,,28.6%,42.9%,57.1%
川崎,総合ランクオッズ別,S,10.0～14.9,,0.0%,0.0%,0.0%
川崎,総合ランクオッズ別,S,15.0～19.9,,0.0%,0.0%,0.0%
川崎,総合ランクオッズ別,S,20.0～29.9,,0.0%,0.0%,0.0%
川崎,総合ランクオッズ別,S,30.0～49.9,,0.0%,0.0%,0.0%
川崎,総合ランクオッズ別,S,50.0～99.9,,0.0%,0.0%,0.0%
川崎,総合ランクオッズ別,S,100.0～,,0.0%,0.0%,0.0%
川崎,総合ランクオッズ別,AA,1.0～1.4,,62.7%,84.3%,88.2%
川崎,総合ランクオッズ別,AA,1.5～1.9,,49.6%,70.4%,77.0%
川崎,総合ランクオッズ別,AA,2.0～2.9,,41.2%,59.3%,74.2%
川崎,総合ランクオッズ別,AA,3.0～3.9,,20.5%,41.5%,55.1%
川崎,総合ランクオッズ別,AA,4.0～4.9,,22.0%,38.0%,53.0%
川崎,総合ランクオッズ別,AA,5.0～6.9,,14.1%,29.5%,48.7%
川崎,総合ランクオッズ別,AA,7.0～9.9,,11.1%,16.7%,36.1%
川崎,総合ランクオッズ別,AA,10.0～14.9,,11.1%,22.2%,33.3%
川崎,総合ランクオッズ別,AA,15.0～19.9,,0.0%,0.0%,100.0%
川崎,総合ランクオッズ別,AA,20.0～29.9,,0.0%,0.0%,0.0%
川崎,総合ランクオッズ別,AA,30.0～49.9,,0.0%,0.0%,0.0%
川崎,総合ランクオッズ別,AA,50.0～99.9,,0.0%,0.0%,0.0%
川崎,総合ランクオッズ別,AA,100.0～,,0.0%,0.0%,0.0%
川崎,総合ランクオッズ別,A,1.0～1.4,,33.3%,100.0%,100.0%
川崎,総合ランクオッズ別,A,1.5～1.9,,49.1%,69.8%,81.1%
川崎,総合ランクオッズ別,A,2.0～2.9,,29.9%,53.9%,69.4%
川崎,総合ランクオッズ別,A,3.0～3.9,,23.6%,42.4%,59.5%
川崎,総合ランクオッズ別,A,4.0～4.9,,15.3%,36.6%,50.0%
川崎,総合ランクオッズ別,A,5.0～6.9,,12.4%,32.4%,49.1%
川崎,総合ランクオッズ別,A,7.0～9.9,,9.5%,24.0%,41.4%
川崎,総合ランクオッズ別,A,10.0～14.9,,5.9%,16.0%,33.6%
川崎,総合ランクオッズ別,A,15.0～19.9,,2.6%,10.3%,23.1%
川崎,総合ランクオッズ別,A,20.0～29.9,,3.6%,17.9%,28.6%
川崎,総合ランクオッズ別,A,30.0～49.9,,0.0%,0.0%,11.1%
川崎,総合ランクオッズ別,A,50.0～99.9,,0.0%,0.0%,0.0%
川崎,総合ランクオッズ別,A,100.0～,,0.0%,0.0%,0.0%
川崎,総合ランクオッズ別,B,1.0～1.4,,0.0%,0.0%,0.0%
川崎,総合ランクオッズ別,B,1.5～1.9,,41.2%,52.9%,52.9%
川崎,総合ランクオッズ別,B,2.0～2.9,,26.5%,47.7%,59.8%
川崎,総合ランクオッズ別,B,3.0～3.9,,19.6%,41.1%,54.8%
川崎,総合ランクオッズ別,B,4.0～4.9,,18.6%,36.1%,53.2%
川崎,総合ランクオッズ別,B,5.0～6.9,,12.5%,29.6%,44.9%
川崎,総合ランクオッズ別,B,7.0～9.9,,9.9%,22.8%,36.2%
川崎,総合ランクオッズ別,B,10.0～14.9,,8.8%,19.9%,40.3%
川崎,総合ランクオッズ別,B,15.0～19.9,,7.0%,12.8%,31.4%
川崎,総合ランクオッズ別,B,20.0～29.9,,1.7%,6.8%,18.6%
川崎,総合ランクオッズ別,B,30.0～49.9,,0.0%,7.5%,15.0%
川崎,総合ランクオッズ別,B,50.0～99.9,,0.0%,10.0%,10.0%
川崎,総合ランクオッズ別,B,100.0～,,0.0%,0.0%,0.0%
川崎,総合ランクオッズ別,C,1.0～1.4,,0.0%,0.0%,0.0%
川崎,総合ランクオッズ別,C,1.5～1.9,,33.3%,66.7%,66.7%
川崎,総合ランクオッズ別,C,2.0～2.9,,24.2%,51.6%,64.5%
川崎,総合ランクオッズ別,C,3.0～3.9,,20.3%,38.5%,57.1%
川崎,総合ランクオッズ別,C,4.0～4.9,,16.4%,32.8%,50.4%
川崎,総合ランクオッズ別,C,5.0～6.9,,10.5%,26.8%,42.5%
川崎,総合ランクオッズ別,C,7.0～9.9,,8.1%,21.6%,34.8%
川崎,総合ランクオッズ別,C,10.0～14.9,,8.0%,19.8%,33.2%
川崎,総合ランクオッズ別,C,15.0～19.9,,4.9%,16.1%,26.5%
川崎,総合ランクオッズ別,C,20.0～29.9,,3.7%,11.1%,18.0%
川崎,総合ランクオッズ別,C,30.0～49.9,,3.2%,7.5%,15.5%
川崎,総合ランクオッズ別,C,50.0～99.9,,0.9%,4.3%,15.7%
川崎,総合ランクオッズ別,C,100.0～,,3.4%,3.4%,6.9%
川崎,総合ランクオッズ別,D,1.0～1.4,,0.0%,0.0%,0.0%
川崎,総合ランクオッズ別,D,1.5～1.9,,0.0%,0.0%,0.0%
川崎,総合ランクオッズ別,D,2.0～2.9,,27.3%,36.4%,45.5%
川崎,総合ランクオッズ別,D,3.0～3.9,,24.3%,40.5%,48.6%
川崎,総合ランクオッズ別,D,4.0～4.9,,13.3%,32.4%,45.7%
川崎,総合ランクオッズ別,D,5.0～6.9,,12.0%,28.2%,41.4%
川崎,総合ランクオッズ別,D,7.0～9.9,,11.8%,25.1%,38.5%
川崎,総合ランクオッズ別,D,10.0～14.9,,7.9%,17.6%,30.8%
川崎,総合ランクオッズ別,D,15.0～19.9,,5.0%,13.7%,23.3%
川崎,総合ランクオッズ別,D,20.0～29.9,,3.1%,7.5%,18.0%
川崎,総合ランクオッズ別,D,30.0～49.9,,1.6%,7.0%,15.6%
川崎,総合ランクオッズ別,D,50.0～99.9,,1.4%,3.7%,9.4%
川崎,総合ランクオッズ別,D,100.0～,,0.0%,0.6%,4.6%
川崎,総合ランクオッズ別,E,1.0～1.4,,0.0%,0.0%,0.0%
川崎,総合ランクオッズ別,E,1.5～1.9,,0.0%,0.0%,0.0%
川崎,総合ランクオッズ別,E,2.0～2.9,,100.0%,100.0%,100.0%
川崎,総合ランクオッズ別,E,3.0～3.9,,20.0%,20.0%,40.0%
川崎,総合ランクオッズ別,E,4.0～4.9,,20.0%,40.0%,40.0%
川崎,総合ランクオッズ別,E,5.0～6.9,,10.7%,21.4%,32.1%
川崎,総合ランクオッズ別,E,7.0～9.9,,8.5%,22.9%,29.4%
川崎,総合ランクオッズ別,E,10.0～14.9,,5.7%,14.1%,21.6%
川崎,総合ランクオッズ別,E,15.0～19.9,,3.6%,11.8%,22.1%
川崎,総合ランクオッズ別,E,20.0～29.9,,2.8%,8.3%,15.6%
川崎,総合ランクオッズ別,E,30.0～49.9,,3.3%,7.3%,14.1%
川崎,総合ランクオッズ別,E,50.0～99.9,,1.1%,4.2%,9.7%
川崎,総合ランクオッズ別,E,100.0～,,0.0%,1.5%,4.5%
川崎,総合ランクオッズ別,F,1.0～1.4,,0.0%,0.0%,0.0%
川崎,総合ランクオッズ別,F,1.5～1.9,,0.0%,0.0%,0.0%
川崎,総合ランクオッズ別,F,2.0～2.9,,0.0%,0.0%,0.0%
川崎,総合ランクオッズ別,F,3.0～3.9,,0.0%,0.0%,0.0%
川崎,総合ランクオッズ別,F,4.0～4.9,,50.0%,75.0%,75.0%
川崎,総合ランクオッズ別,F,5.0～6.9,,7.7%,15.4%,19.2%
川崎,総合ランクオッズ別,F,7.0～9.9,,6.2%,13.6%,16.0%
川崎,総合ランクオッズ別,F,10.0～14.9,,5.3%,14.7%,25.3%
川崎,総合ランクオッズ別,F,15.0～19.9,,5.5%,12.3%,24.9%
川崎,総合ランクオッズ別,F,20.0～29.9,,3.0%,7.9%,16.1%
川崎,総合ランクオッズ別,F,30.0～49.9,,1.8%,5.9%,9.9%
川崎,総合ランクオッズ別,F,50.0～99.9,,1.1%,4.0%,8.1%
川崎,総合ランクオッズ別,F,100.0～,,0.3%,1.4%,3.0%
川崎,総合ランクオッズ別,G,1.0～1.4,,0.0%,0.0%,0.0%
川崎,総合ランクオッズ別,G,1.5～1.9,,0.0%,0.0%,0.0%
川崎,総合ランクオッズ別,G,2.0～2.9,,0.0%,0.0%,0.0%
川崎,総合ランクオッズ別,G,3.0～3.9,,0.0%,0.0%,0.0%
川崎,総合ランクオッズ別,G,4.0～4.9,,0.0%,0.0%,0.0%
川崎,総合ランクオッズ別,G,5.0～6.9,,0.0%,0.0%,25.0%
川崎,総合ランクオッズ別,G,7.0～9.9,,0.0%,0.0%,0.0%
川崎,総合ランクオッズ別,G,10.0～14.9,,5.9%,5.9%,17.6%
川崎,総合ランクオッズ別,G,15.0～19.9,,0.0%,3.7%,14.8%
川崎,総合ランクオッズ別,G,20.0～29.9,,1.2%,3.6%,7.1%
川崎,総合ランクオッズ別,G,30.0～49.9,,0.5%,4.4%,8.3%
川崎,総合ランクオッズ別,G,50.0～99.9,,1.1%,3.4%,6.1%
川崎,総合ランクオッズ別,G,100.0～,,0.1%,0.5%,1.4%
